vm,commit,suite,benchmark,ms,warm
Ř,2872a799f6bcd14fe7a3270e86278d784d26020a,shootout,mandelbrot_noout_naive,219.404000,0
Ř,2872a799f6bcd14fe7a3270e86278d784d26020a,shootout,mandelbrot_noout_naive,193.545000,0
Ř,2872a799f6bcd14fe7a3270e86278d784d26020a,shootout,mandelbrot_noout_naive,198.795000,0
Ř,2872a799f6bcd14fe7a3270e86278d784d26020a,shootout,mandelbrot_noout_naive,195.409000,0
Ř,2872a799f6bcd14fe7a3270e86278d784d26020a,shootout,mandelbrot_noout_naive,204.621000,0
Ř,2872a799f6bcd14fe7a3270e86278d784d26020a,shootout,mandelbrot_noout_naive,188.351000,1
Ř,2872a799f6bcd14fe7a3270e86278d784d26020a,shootout,mandelbrot_noout_naive,188.005000,1
Ř,2872a799f6bcd14fe7a3270e86278d784d26020a,shootout,mandelbrot_noout_naive,188.904000,1
Ř,2872a799f6bcd14fe7a3270e86278d784d26020a,shootout,mandelbrot_noout_naive,193.118000,1
Ř,2872a799f6bcd14fe7a3270e86278d784d26020a,shootout,mandelbrot_noout_naive,186.738000,1
Ř,2872a799f6bcd14fe7a3270e86278d784d26020a,shootout,mandelbrot_noout_naive,199.212000,1
Ř,2872a799f6bcd14fe7a3270e86278d784d26020a,shootout,mandelbrot_noout_naive,191.849000,1
Ř,2872a799f6bcd14fe7a3270e86278d784d26020a,shootout,mandelbrot_noout_naive,198.076000,1
Ř,2872a799f6bcd14fe7a3270e86278d784d26020a,shootout,mandelbrot_noout_naive,182.079000,1
Ř,2872a799f6bcd14fe7a3270e86278d784d26020a,shootout,mandelbrot_noout_naive,193.045000,1
Ř,2872a799f6bcd14fe7a3270e86278d784d26020a,shootout,nbody_naive_2,1598.353000,0
Ř,2872a799f6bcd14fe7a3270e86278d784d26020a,shootout,nbody_naive_2,1603.164000,0
Ř,2872a799f6bcd14fe7a3270e86278d784d26020a,shootout,nbody_naive_2,1569.401000,0
Ř,2872a799f6bcd14fe7a3270e86278d784d26020a,shootout,nbody_naive_2,1577.639000,0
Ř,2872a799f6bcd14fe7a3270e86278d784d26020a,shootout,nbody_naive_2,1582.342000,0
Ř,2872a799f6bcd14fe7a3270e86278d784d26020a,shootout,nbody_naive_2,1570.488000,1
Ř,2872a799f6bcd14fe7a3270e86278d784d26020a,shootout,nbody_naive_2,1582.154000,1
Ř,2872a799f6bcd14fe7a3270e86278d784d26020a,shootout,nbody_naive_2,1579.194000,1
Ř,2872a799f6bcd14fe7a3270e86278d784d26020a,shootout,nbody_naive_2,1585.339000,1
Ř,2872a799f6bcd14fe7a3270e86278d784d26020a,shootout,nbody_naive_2,1580.022000,1
Ř,2872a799f6bcd14fe7a3270e86278d784d26020a,shootout,nbody_naive_2,1572.051000,1
Ř,2872a799f6bcd14fe7a3270e86278d784d26020a,shootout,nbody_naive_2,1583.463000,1
Ř,2872a799f6bcd14fe7a3270e86278d784d26020a,shootout,nbody_naive_2,1575.806000,1
Ř,2872a799f6bcd14fe7a3270e86278d784d26020a,shootout,nbody_naive_2,1579.217000,1
Ř,2872a799f6bcd14fe7a3270e86278d784d26020a,shootout,nbody_naive_2,1585.523000,1
Ř,2872a799f6bcd14fe7a3270e86278d784d26020a,shootout,mandelbrot_ascii,85.996000,0
Ř,2872a799f6bcd14fe7a3270e86278d784d26020a,shootout,mandelbrot_ascii,68.554000,0
Ř,2872a799f6bcd14fe7a3270e86278d784d26020a,shootout,mandelbrot_ascii,69.169000,0
Ř,2872a799f6bcd14fe7a3270e86278d784d26020a,shootout,mandelbrot_ascii,70.112000,0
Ř,2872a799f6bcd14fe7a3270e86278d784d26020a,shootout,mandelbrot_ascii,68.666000,0
Ř,2872a799f6bcd14fe7a3270e86278d784d26020a,shootout,mandelbrot_ascii,69.138000,1
Ř,2872a799f6bcd14fe7a3270e86278d784d26020a,shootout,mandelbrot_ascii,68.919000,1
Ř,2872a799f6bcd14fe7a3270e86278d784d26020a,shootout,mandelbrot_ascii,69.811000,1
Ř,2872a799f6bcd14fe7a3270e86278d784d26020a,shootout,mandelbrot_ascii,66.916000,1
Ř,2872a799f6bcd14fe7a3270e86278d784d26020a,shootout,mandelbrot_ascii,66.783000,1
Ř,2872a799f6bcd14fe7a3270e86278d784d26020a,shootout,mandelbrot_ascii,66.646000,1
Ř,2872a799f6bcd14fe7a3270e86278d784d26020a,shootout,mandelbrot_ascii,68.145000,1
Ř,2872a799f6bcd14fe7a3270e86278d784d26020a,shootout,mandelbrot_ascii,67.633000,1
Ř,2872a799f6bcd14fe7a3270e86278d784d26020a,shootout,mandelbrot_ascii,67.992000,1
Ř,2872a799f6bcd14fe7a3270e86278d784d26020a,shootout,mandelbrot_ascii,67.795000,1
Ř,2872a799f6bcd14fe7a3270e86278d784d26020a,shootout,spectralnorm_alt,226.984000,0
Ř,2872a799f6bcd14fe7a3270e86278d784d26020a,shootout,spectralnorm_alt,221.645000,0
Ř,2872a799f6bcd14fe7a3270e86278d784d26020a,shootout,spectralnorm_alt,212.057000,0
Ř,2872a799f6bcd14fe7a3270e86278d784d26020a,shootout,spectralnorm_alt,225.362000,0
Ř,2872a799f6bcd14fe7a3270e86278d784d26020a,shootout,spectralnorm_alt,206.946000,0
Ř,2872a799f6bcd14fe7a3270e86278d784d26020a,shootout,spectralnorm_alt,207.967000,1
Ř,2872a799f6bcd14fe7a3270e86278d784d26020a,shootout,spectralnorm_alt,201.890000,1
Ř,2872a799f6bcd14fe7a3270e86278d784d26020a,shootout,spectralnorm_alt,208.606000,1
Ř,2872a799f6bcd14fe7a3270e86278d784d26020a,shootout,spectralnorm_alt,207.971000,1
Ř,2872a799f6bcd14fe7a3270e86278d784d26020a,shootout,spectralnorm_alt,201.706000,1
Ř,2872a799f6bcd14fe7a3270e86278d784d26020a,shootout,spectralnorm_alt,194.841000,1
Ř,2872a799f6bcd14fe7a3270e86278d784d26020a,shootout,spectralnorm_alt,203.033000,1
Ř,2872a799f6bcd14fe7a3270e86278d784d26020a,shootout,spectralnorm_alt,194.189000,1
Ř,2872a799f6bcd14fe7a3270e86278d784d26020a,shootout,spectralnorm_alt,192.732000,1
Ř,2872a799f6bcd14fe7a3270e86278d784d26020a,shootout,spectralnorm_alt,192.733000,1
Ř,2872a799f6bcd14fe7a3270e86278d784d26020a,shootout,mandelbrot_noout,92.172000,0
Ř,2872a799f6bcd14fe7a3270e86278d784d26020a,shootout,mandelbrot_noout,73.110000,0
Ř,2872a799f6bcd14fe7a3270e86278d784d26020a,shootout,mandelbrot_noout,72.851000,0
Ř,2872a799f6bcd14fe7a3270e86278d784d26020a,shootout,mandelbrot_noout,72.784000,0
Ř,2872a799f6bcd14fe7a3270e86278d784d26020a,shootout,mandelbrot_noout,73.964000,0
Ř,2872a799f6bcd14fe7a3270e86278d784d26020a,shootout,mandelbrot_noout,72.825000,1
Ř,2872a799f6bcd14fe7a3270e86278d784d26020a,shootout,mandelbrot_noout,72.771000,1
Ř,2872a799f6bcd14fe7a3270e86278d784d26020a,shootout,mandelbrot_noout,72.727000,1
Ř,2872a799f6bcd14fe7a3270e86278d784d26020a,shootout,mandelbrot_noout,73.836000,1
Ř,2872a799f6bcd14fe7a3270e86278d784d26020a,shootout,mandelbrot_noout,81.028000,1
Ř,2872a799f6bcd14fe7a3270e86278d784d26020a,shootout,mandelbrot_noout,72.814000,1
Ř,2872a799f6bcd14fe7a3270e86278d784d26020a,shootout,mandelbrot_noout,72.809000,1
Ř,2872a799f6bcd14fe7a3270e86278d784d26020a,shootout,mandelbrot_noout,72.771000,1
Ř,2872a799f6bcd14fe7a3270e86278d784d26020a,shootout,mandelbrot_noout,73.800000,1
Ř,2872a799f6bcd14fe7a3270e86278d784d26020a,shootout,mandelbrot_noout,72.647000,1
Ř,2872a799f6bcd14fe7a3270e86278d784d26020a,shootout,fasta_naive_2,1299.218000,0
Ř,2872a799f6bcd14fe7a3270e86278d784d26020a,shootout,fasta_naive_2,1291.949000,0
Ř,2872a799f6bcd14fe7a3270e86278d784d26020a,shootout,fasta_naive_2,1306.120000,0
Ř,2872a799f6bcd14fe7a3270e86278d784d26020a,shootout,fasta_naive_2,1297.638000,0
Ř,2872a799f6bcd14fe7a3270e86278d784d26020a,shootout,fasta_naive_2,1299.238000,0
Ř,2872a799f6bcd14fe7a3270e86278d784d26020a,shootout,fasta_naive_2,1298.921000,1
Ř,2872a799f6bcd14fe7a3270e86278d784d26020a,shootout,fasta_naive_2,1308.855000,1
Ř,2872a799f6bcd14fe7a3270e86278d784d26020a,shootout,fasta_naive_2,1280.224000,1
Ř,2872a799f6bcd14fe7a3270e86278d784d26020a,shootout,fasta_naive_2,1305.291000,1
Ř,2872a799f6bcd14fe7a3270e86278d784d26020a,shootout,fasta_naive_2,1304.636000,1
Ř,2872a799f6bcd14fe7a3270e86278d784d26020a,shootout,fasta_naive_2,1277.575000,1
Ř,2872a799f6bcd14fe7a3270e86278d784d26020a,shootout,fasta_naive_2,1302.987000,1
Ř,2872a799f6bcd14fe7a3270e86278d784d26020a,shootout,fasta_naive_2,1313.209000,1
Ř,2872a799f6bcd14fe7a3270e86278d784d26020a,shootout,fasta_naive_2,1274.677000,1
Ř,2872a799f6bcd14fe7a3270e86278d784d26020a,shootout,fasta_naive_2,1287.403000,1
Ř,2872a799f6bcd14fe7a3270e86278d784d26020a,shootout,knucleotide_brute,4653.786000,0
Ř,2872a799f6bcd14fe7a3270e86278d784d26020a,shootout,knucleotide_brute,5101.617000,0
Ř,2872a799f6bcd14fe7a3270e86278d784d26020a,shootout,knucleotide_brute,5060.685000,0
Ř,2872a799f6bcd14fe7a3270e86278d784d26020a,shootout,knucleotide_brute,5120.473000,0
Ř,2872a799f6bcd14fe7a3270e86278d784d26020a,shootout,knucleotide_brute,5064.695000,0
Ř,2872a799f6bcd14fe7a3270e86278d784d26020a,shootout,knucleotide_brute,5120.223000,1
Ř,2872a799f6bcd14fe7a3270e86278d784d26020a,shootout,knucleotide_brute,5064.158000,1
Ř,2872a799f6bcd14fe7a3270e86278d784d26020a,shootout,knucleotide_brute,5127.982000,1
Ř,2872a799f6bcd14fe7a3270e86278d784d26020a,shootout,knucleotide_brute,5066.047000,1
Ř,2872a799f6bcd14fe7a3270e86278d784d26020a,shootout,knucleotide_brute,5084.585000,1
Ř,2872a799f6bcd14fe7a3270e86278d784d26020a,shootout,knucleotide_brute,5128.202000,1
Ř,2872a799f6bcd14fe7a3270e86278d784d26020a,shootout,knucleotide_brute,5126.076000,1
Ř,2872a799f6bcd14fe7a3270e86278d784d26020a,shootout,knucleotide_brute,5121.052000,1
Ř,2872a799f6bcd14fe7a3270e86278d784d26020a,shootout,knucleotide_brute,5092.839000,1
Ř,2872a799f6bcd14fe7a3270e86278d784d26020a,shootout,knucleotide_brute,5124.892000,1
Ř,2872a799f6bcd14fe7a3270e86278d784d26020a,shootout,regexdna,1509.923000,0
Ř,2872a799f6bcd14fe7a3270e86278d784d26020a,shootout,regexdna,1486.873000,0
Ř,2872a799f6bcd14fe7a3270e86278d784d26020a,shootout,regexdna,1508.260000,0
Ř,2872a799f6bcd14fe7a3270e86278d784d26020a,shootout,regexdna,1477.521000,0
Ř,2872a799f6bcd14fe7a3270e86278d784d26020a,shootout,regexdna,1501.113000,0
Ř,2872a799f6bcd14fe7a3270e86278d784d26020a,shootout,regexdna,1475.407000,1
Ř,2872a799f6bcd14fe7a3270e86278d784d26020a,shootout,regexdna,1489.202000,1
Ř,2872a799f6bcd14fe7a3270e86278d784d26020a,shootout,regexdna,1510.702000,1
Ř,2872a799f6bcd14fe7a3270e86278d784d26020a,shootout,regexdna,1478.215000,1
Ř,2872a799f6bcd14fe7a3270e86278d784d26020a,shootout,regexdna,1506.822000,1
Ř,2872a799f6bcd14fe7a3270e86278d784d26020a,shootout,regexdna,1476.924000,1
Ř,2872a799f6bcd14fe7a3270e86278d784d26020a,shootout,regexdna,1500.420000,1
Ř,2872a799f6bcd14fe7a3270e86278d784d26020a,shootout,regexdna,1474.456000,1
Ř,2872a799f6bcd14fe7a3270e86278d784d26020a,shootout,regexdna,1486.000000,1
Ř,2872a799f6bcd14fe7a3270e86278d784d26020a,shootout,regexdna,1495.226000,1
Ř,2872a799f6bcd14fe7a3270e86278d784d26020a,shootout,nbody_naive,1536.145000,0
Ř,2872a799f6bcd14fe7a3270e86278d784d26020a,shootout,nbody_naive,1518.896000,0
Ř,2872a799f6bcd14fe7a3270e86278d784d26020a,shootout,nbody_naive,1521.668000,0
Ř,2872a799f6bcd14fe7a3270e86278d784d26020a,shootout,nbody_naive,1512.308000,0
Ř,2872a799f6bcd14fe7a3270e86278d784d26020a,shootout,nbody_naive,1507.931000,0
Ř,2872a799f6bcd14fe7a3270e86278d784d26020a,shootout,nbody_naive,1520.358000,1
Ř,2872a799f6bcd14fe7a3270e86278d784d26020a,shootout,nbody_naive,1532.179000,1
Ř,2872a799f6bcd14fe7a3270e86278d784d26020a,shootout,nbody_naive,1544.319000,1
Ř,2872a799f6bcd14fe7a3270e86278d784d26020a,shootout,nbody_naive,1511.797000,1
Ř,2872a799f6bcd14fe7a3270e86278d784d26020a,shootout,nbody_naive,1509.342000,1
Ř,2872a799f6bcd14fe7a3270e86278d784d26020a,shootout,nbody_naive,1525.693000,1
Ř,2872a799f6bcd14fe7a3270e86278d784d26020a,shootout,nbody_naive,1515.203000,1
Ř,2872a799f6bcd14fe7a3270e86278d784d26020a,shootout,nbody_naive,1520.062000,1
Ř,2872a799f6bcd14fe7a3270e86278d784d26020a,shootout,nbody_naive,1510.514000,1
Ř,2872a799f6bcd14fe7a3270e86278d784d26020a,shootout,nbody_naive,1510.109000,1
Ř,2872a799f6bcd14fe7a3270e86278d784d26020a,shootout,fasta,1190.987000,0
Ř,2872a799f6bcd14fe7a3270e86278d784d26020a,shootout,fasta,1187.014000,0
Ř,2872a799f6bcd14fe7a3270e86278d784d26020a,shootout,fasta,1174.803000,0
Ř,2872a799f6bcd14fe7a3270e86278d784d26020a,shootout,fasta,1180.455000,0
Ř,2872a799f6bcd14fe7a3270e86278d784d26020a,shootout,fasta,1178.391000,0
Ř,2872a799f6bcd14fe7a3270e86278d784d26020a,shootout,fasta,1174.175000,1
Ř,2872a799f6bcd14fe7a3270e86278d784d26020a,shootout,fasta,1173.326000,1
Ř,2872a799f6bcd14fe7a3270e86278d784d26020a,shootout,fasta,1180.770000,1
Ř,2872a799f6bcd14fe7a3270e86278d784d26020a,shootout,fasta,1183.574000,1
Ř,2872a799f6bcd14fe7a3270e86278d784d26020a,shootout,fasta,1166.599000,1
Ř,2872a799f6bcd14fe7a3270e86278d784d26020a,shootout,fasta,1174.600000,1
Ř,2872a799f6bcd14fe7a3270e86278d784d26020a,shootout,fasta,1168.276000,1
Ř,2872a799f6bcd14fe7a3270e86278d784d26020a,shootout,fasta,1169.777000,1
Ř,2872a799f6bcd14fe7a3270e86278d784d26020a,shootout,fasta,1175.339000,1
Ř,2872a799f6bcd14fe7a3270e86278d784d26020a,shootout,fasta,1167.870000,1
Ř,2872a799f6bcd14fe7a3270e86278d784d26020a,shootout,binarytrees_naive,138.652000,0
Ř,2872a799f6bcd14fe7a3270e86278d784d26020a,shootout,binarytrees_naive,132.935000,0
Ř,2872a799f6bcd14fe7a3270e86278d784d26020a,shootout,binarytrees_naive,133.111000,0
Ř,2872a799f6bcd14fe7a3270e86278d784d26020a,shootout,binarytrees_naive,132.139000,0
Ř,2872a799f6bcd14fe7a3270e86278d784d26020a,shootout,binarytrees_naive,141.584000,0
Ř,2872a799f6bcd14fe7a3270e86278d784d26020a,shootout,binarytrees_naive,132.376000,1
Ř,2872a799f6bcd14fe7a3270e86278d784d26020a,shootout,binarytrees_naive,132.904000,1
Ř,2872a799f6bcd14fe7a3270e86278d784d26020a,shootout,binarytrees_naive,132.387000,1
Ř,2872a799f6bcd14fe7a3270e86278d784d26020a,shootout,binarytrees_naive,132.919000,1
Ř,2872a799f6bcd14fe7a3270e86278d784d26020a,shootout,binarytrees_naive,134.956000,1
Ř,2872a799f6bcd14fe7a3270e86278d784d26020a,shootout,binarytrees_naive,132.531000,1
Ř,2872a799f6bcd14fe7a3270e86278d784d26020a,shootout,binarytrees_naive,132.606000,1
Ř,2872a799f6bcd14fe7a3270e86278d784d26020a,shootout,binarytrees_naive,131.861000,1
Ř,2872a799f6bcd14fe7a3270e86278d784d26020a,shootout,binarytrees_naive,133.066000,1
Ř,2872a799f6bcd14fe7a3270e86278d784d26020a,shootout,binarytrees_naive,132.520000,1
Ř,2872a799f6bcd14fe7a3270e86278d784d26020a,shootout,spectralnorm_naive,1152.488000,0
Ř,2872a799f6bcd14fe7a3270e86278d784d26020a,shootout,spectralnorm_naive,1139.187000,0
Ř,2872a799f6bcd14fe7a3270e86278d784d26020a,shootout,spectralnorm_naive,1133.972000,0
Ř,2872a799f6bcd14fe7a3270e86278d784d26020a,shootout,spectralnorm_naive,1136.892000,0
Ř,2872a799f6bcd14fe7a3270e86278d784d26020a,shootout,spectralnorm_naive,1123.268000,0
Ř,2872a799f6bcd14fe7a3270e86278d784d26020a,shootout,spectralnorm_naive,1120.106000,1
Ř,2872a799f6bcd14fe7a3270e86278d784d26020a,shootout,spectralnorm_naive,1127.335000,1
Ř,2872a799f6bcd14fe7a3270e86278d784d26020a,shootout,spectralnorm_naive,1123.958000,1
Ř,2872a799f6bcd14fe7a3270e86278d784d26020a,shootout,spectralnorm_naive,1113.552000,1
Ř,2872a799f6bcd14fe7a3270e86278d784d26020a,shootout,spectralnorm_naive,1122.199000,1
Ř,2872a799f6bcd14fe7a3270e86278d784d26020a,shootout,spectralnorm_naive,1117.590000,1
Ř,2872a799f6bcd14fe7a3270e86278d784d26020a,shootout,spectralnorm_naive,1116.065000,1
Ř,2872a799f6bcd14fe7a3270e86278d784d26020a,shootout,spectralnorm_naive,1129.582000,1
Ř,2872a799f6bcd14fe7a3270e86278d784d26020a,shootout,spectralnorm_naive,1112.867000,1
Ř,2872a799f6bcd14fe7a3270e86278d784d26020a,shootout,spectralnorm_naive,1113.801000,1
Ř,2872a799f6bcd14fe7a3270e86278d784d26020a,shootout,knucleotide_brute_3,2866.622000,0
Ř,2872a799f6bcd14fe7a3270e86278d784d26020a,shootout,knucleotide_brute_3,2852.698000,0
Ř,2872a799f6bcd14fe7a3270e86278d784d26020a,shootout,knucleotide_brute_3,2838.449000,0
Ř,2872a799f6bcd14fe7a3270e86278d784d26020a,shootout,knucleotide_brute_3,2846.622000,0
Ř,2872a799f6bcd14fe7a3270e86278d784d26020a,shootout,knucleotide_brute_3,2826.324000,0
Ř,2872a799f6bcd14fe7a3270e86278d784d26020a,shootout,knucleotide_brute_3,2841.954000,1
Ř,2872a799f6bcd14fe7a3270e86278d784d26020a,shootout,knucleotide_brute_3,2836.535000,1
Ř,2872a799f6bcd14fe7a3270e86278d784d26020a,shootout,knucleotide_brute_3,2839.942000,1
Ř,2872a799f6bcd14fe7a3270e86278d784d26020a,shootout,knucleotide_brute_3,2859.492000,1
Ř,2872a799f6bcd14fe7a3270e86278d784d26020a,shootout,knucleotide_brute_3,2825.813000,1
Ř,2872a799f6bcd14fe7a3270e86278d784d26020a,shootout,knucleotide_brute_3,2832.613000,1
Ř,2872a799f6bcd14fe7a3270e86278d784d26020a,shootout,knucleotide_brute_3,2819.736000,1
Ř,2872a799f6bcd14fe7a3270e86278d784d26020a,shootout,knucleotide_brute_3,2835.981000,1
Ř,2872a799f6bcd14fe7a3270e86278d784d26020a,shootout,knucleotide_brute_3,2832.293000,1
Ř,2872a799f6bcd14fe7a3270e86278d784d26020a,shootout,knucleotide_brute_3,2848.678000,1
Ř,2872a799f6bcd14fe7a3270e86278d784d26020a,shootout,fannkuchredux_naive,2590.493000,0
Ř,2872a799f6bcd14fe7a3270e86278d784d26020a,shootout,fannkuchredux_naive,2551.717000,0
Ř,2872a799f6bcd14fe7a3270e86278d784d26020a,shootout,fannkuchredux_naive,2548.936000,0
Ř,2872a799f6bcd14fe7a3270e86278d784d26020a,shootout,fannkuchredux_naive,2548.130000,0
Ř,2872a799f6bcd14fe7a3270e86278d784d26020a,shootout,fannkuchredux_naive,2549.094000,0
Ř,2872a799f6bcd14fe7a3270e86278d784d26020a,shootout,fannkuchredux_naive,2553.718000,1
Ř,2872a799f6bcd14fe7a3270e86278d784d26020a,shootout,fannkuchredux_naive,2561.799000,1
Ř,2872a799f6bcd14fe7a3270e86278d784d26020a,shootout,fannkuchredux_naive,2569.905000,1
Ř,2872a799f6bcd14fe7a3270e86278d784d26020a,shootout,fannkuchredux_naive,2544.212000,1
Ř,2872a799f6bcd14fe7a3270e86278d784d26020a,shootout,fannkuchredux_naive,2553.387000,1
Ř,2872a799f6bcd14fe7a3270e86278d784d26020a,shootout,fannkuchredux_naive,2551.706000,1
Ř,2872a799f6bcd14fe7a3270e86278d784d26020a,shootout,fannkuchredux_naive,2554.364000,1
Ř,2872a799f6bcd14fe7a3270e86278d784d26020a,shootout,fannkuchredux_naive,2552.660000,1
Ř,2872a799f6bcd14fe7a3270e86278d784d26020a,shootout,fannkuchredux_naive,2548.861000,1
Ř,2872a799f6bcd14fe7a3270e86278d784d26020a,shootout,fannkuchredux_naive,2557.185000,1
Ř,2872a799f6bcd14fe7a3270e86278d784d26020a,shootout,reversecomplement,581.674000,0
Ř,2872a799f6bcd14fe7a3270e86278d784d26020a,shootout,reversecomplement,582.513000,0
Ř,2872a799f6bcd14fe7a3270e86278d784d26020a,shootout,reversecomplement,599.540000,0
Ř,2872a799f6bcd14fe7a3270e86278d784d26020a,shootout,reversecomplement,586.865000,0
Ř,2872a799f6bcd14fe7a3270e86278d784d26020a,shootout,reversecomplement,592.283000,0
Ř,2872a799f6bcd14fe7a3270e86278d784d26020a,shootout,reversecomplement,581.721000,1
Ř,2872a799f6bcd14fe7a3270e86278d784d26020a,shootout,reversecomplement,582.913000,1
Ř,2872a799f6bcd14fe7a3270e86278d784d26020a,shootout,reversecomplement,583.962000,1
Ř,2872a799f6bcd14fe7a3270e86278d784d26020a,shootout,reversecomplement,587.905000,1
Ř,2872a799f6bcd14fe7a3270e86278d784d26020a,shootout,reversecomplement,581.898000,1
Ř,2872a799f6bcd14fe7a3270e86278d784d26020a,shootout,reversecomplement,583.416000,1
Ř,2872a799f6bcd14fe7a3270e86278d784d26020a,shootout,reversecomplement,592.359000,1
Ř,2872a799f6bcd14fe7a3270e86278d784d26020a,shootout,reversecomplement,581.269000,1
Ř,2872a799f6bcd14fe7a3270e86278d784d26020a,shootout,reversecomplement,591.955000,1
Ř,2872a799f6bcd14fe7a3270e86278d784d26020a,shootout,reversecomplement,594.513000,1
Ř,2872a799f6bcd14fe7a3270e86278d784d26020a,shootout,binarytrees_2,138.907000,0
Ř,2872a799f6bcd14fe7a3270e86278d784d26020a,shootout,binarytrees_2,132.853000,0
Ř,2872a799f6bcd14fe7a3270e86278d784d26020a,shootout,binarytrees_2,132.740000,0
Ř,2872a799f6bcd14fe7a3270e86278d784d26020a,shootout,binarytrees_2,132.089000,0
Ř,2872a799f6bcd14fe7a3270e86278d784d26020a,shootout,binarytrees_2,142.341000,0
Ř,2872a799f6bcd14fe7a3270e86278d784d26020a,shootout,binarytrees_2,132.598000,1
Ř,2872a799f6bcd14fe7a3270e86278d784d26020a,shootout,binarytrees_2,133.539000,1
Ř,2872a799f6bcd14fe7a3270e86278d784d26020a,shootout,binarytrees_2,133.366000,1
Ř,2872a799f6bcd14fe7a3270e86278d784d26020a,shootout,binarytrees_2,132.608000,1
Ř,2872a799f6bcd14fe7a3270e86278d784d26020a,shootout,binarytrees_2,135.849000,1
Ř,2872a799f6bcd14fe7a3270e86278d784d26020a,shootout,binarytrees_2,132.790000,1
Ř,2872a799f6bcd14fe7a3270e86278d784d26020a,shootout,binarytrees_2,132.095000,1
Ř,2872a799f6bcd14fe7a3270e86278d784d26020a,shootout,binarytrees_2,133.444000,1
Ř,2872a799f6bcd14fe7a3270e86278d784d26020a,shootout,binarytrees_2,133.909000,1
Ř,2872a799f6bcd14fe7a3270e86278d784d26020a,shootout,binarytrees_2,133.099000,1
Ř,2872a799f6bcd14fe7a3270e86278d784d26020a,shootout,spectralnorm_alt_2,1602.577000,0
Ř,2872a799f6bcd14fe7a3270e86278d784d26020a,shootout,spectralnorm_alt_2,1583.112000,0
Ř,2872a799f6bcd14fe7a3270e86278d784d26020a,shootout,spectralnorm_alt_2,1509.732000,0
Ř,2872a799f6bcd14fe7a3270e86278d784d26020a,shootout,spectralnorm_alt_2,1516.297000,0
Ř,2872a799f6bcd14fe7a3270e86278d784d26020a,shootout,spectralnorm_alt_2,1499.653000,0
Ř,2872a799f6bcd14fe7a3270e86278d784d26020a,shootout,spectralnorm_alt_2,1476.863000,1
Ř,2872a799f6bcd14fe7a3270e86278d784d26020a,shootout,spectralnorm_alt_2,1528.926000,1
Ř,2872a799f6bcd14fe7a3270e86278d784d26020a,shootout,spectralnorm_alt_2,1512.897000,1
Ř,2872a799f6bcd14fe7a3270e86278d784d26020a,shootout,spectralnorm_alt_2,1472.561000,1
Ř,2872a799f6bcd14fe7a3270e86278d784d26020a,shootout,spectralnorm_alt_2,1535.681000,1
Ř,2872a799f6bcd14fe7a3270e86278d784d26020a,shootout,spectralnorm_alt_2,1505.765000,1
Ř,2872a799f6bcd14fe7a3270e86278d784d26020a,shootout,spectralnorm_alt_2,1487.377000,1
Ř,2872a799f6bcd14fe7a3270e86278d784d26020a,shootout,spectralnorm_alt_2,1528.830000,1
Ř,2872a799f6bcd14fe7a3270e86278d784d26020a,shootout,spectralnorm_alt_2,1503.604000,1
Ř,2872a799f6bcd14fe7a3270e86278d784d26020a,shootout,spectralnorm_alt_2,1486.425000,1
Ř,2872a799f6bcd14fe7a3270e86278d784d26020a,shootout,reversecomplement_naive,544.798000,0
Ř,2872a799f6bcd14fe7a3270e86278d784d26020a,shootout,reversecomplement_naive,528.309000,0
Ř,2872a799f6bcd14fe7a3270e86278d784d26020a,shootout,reversecomplement_naive,527.280000,0
Ř,2872a799f6bcd14fe7a3270e86278d784d26020a,shootout,reversecomplement_naive,524.154000,0
Ř,2872a799f6bcd14fe7a3270e86278d784d26020a,shootout,reversecomplement_naive,524.843000,0
Ř,2872a799f6bcd14fe7a3270e86278d784d26020a,shootout,reversecomplement_naive,523.843000,1
Ř,2872a799f6bcd14fe7a3270e86278d784d26020a,shootout,reversecomplement_naive,523.467000,1
Ř,2872a799f6bcd14fe7a3270e86278d784d26020a,shootout,reversecomplement_naive,529.173000,1
Ř,2872a799f6bcd14fe7a3270e86278d784d26020a,shootout,reversecomplement_naive,524.799000,1
Ř,2872a799f6bcd14fe7a3270e86278d784d26020a,shootout,reversecomplement_naive,519.964000,1
Ř,2872a799f6bcd14fe7a3270e86278d784d26020a,shootout,reversecomplement_naive,518.167000,1
Ř,2872a799f6bcd14fe7a3270e86278d784d26020a,shootout,reversecomplement_naive,535.576000,1
Ř,2872a799f6bcd14fe7a3270e86278d784d26020a,shootout,reversecomplement_naive,534.451000,1
Ř,2872a799f6bcd14fe7a3270e86278d784d26020a,shootout,reversecomplement_naive,527.396000,1
Ř,2872a799f6bcd14fe7a3270e86278d784d26020a,shootout,reversecomplement_naive,525.999000,1
Ř,2872a799f6bcd14fe7a3270e86278d784d26020a,shootout,fannkuchredux,2874.410000,0
Ř,2872a799f6bcd14fe7a3270e86278d784d26020a,shootout,fannkuchredux,2827.397000,0
Ř,2872a799f6bcd14fe7a3270e86278d784d26020a,shootout,fannkuchredux,2816.167000,0
Ř,2872a799f6bcd14fe7a3270e86278d784d26020a,shootout,fannkuchredux,2823.479000,0
Ř,2872a799f6bcd14fe7a3270e86278d784d26020a,shootout,fannkuchredux,2808.709000,0
Ř,2872a799f6bcd14fe7a3270e86278d784d26020a,shootout,fannkuchredux,2823.773000,1
Ř,2872a799f6bcd14fe7a3270e86278d784d26020a,shootout,fannkuchredux,2806.506000,1
Ř,2872a799f6bcd14fe7a3270e86278d784d26020a,shootout,fannkuchredux,2819.953000,1
Ř,2872a799f6bcd14fe7a3270e86278d784d26020a,shootout,fannkuchredux,2815.839000,1
Ř,2872a799f6bcd14fe7a3270e86278d784d26020a,shootout,fannkuchredux,2824.028000,1
Ř,2872a799f6bcd14fe7a3270e86278d784d26020a,shootout,fannkuchredux,2814.399000,1
Ř,2872a799f6bcd14fe7a3270e86278d784d26020a,shootout,fannkuchredux,2815.194000,1
Ř,2872a799f6bcd14fe7a3270e86278d784d26020a,shootout,fannkuchredux,2786.339000,1
Ř,2872a799f6bcd14fe7a3270e86278d784d26020a,shootout,fannkuchredux,2791.868000,1
Ř,2872a799f6bcd14fe7a3270e86278d784d26020a,shootout,fannkuchredux,2785.969000,1
Ř,2872a799f6bcd14fe7a3270e86278d784d26020a,shootout,reversecomplement_2,521.246000,0
Ř,2872a799f6bcd14fe7a3270e86278d784d26020a,shootout,reversecomplement_2,522.779000,0
Ř,2872a799f6bcd14fe7a3270e86278d784d26020a,shootout,reversecomplement_2,517.727000,0
Ř,2872a799f6bcd14fe7a3270e86278d784d26020a,shootout,reversecomplement_2,528.368000,0
Ř,2872a799f6bcd14fe7a3270e86278d784d26020a,shootout,reversecomplement_2,522.097000,0
Ř,2872a799f6bcd14fe7a3270e86278d784d26020a,shootout,reversecomplement_2,523.968000,1
Ř,2872a799f6bcd14fe7a3270e86278d784d26020a,shootout,reversecomplement_2,533.475000,1
Ř,2872a799f6bcd14fe7a3270e86278d784d26020a,shootout,reversecomplement_2,524.592000,1
Ř,2872a799f6bcd14fe7a3270e86278d784d26020a,shootout,reversecomplement_2,524.092000,1
Ř,2872a799f6bcd14fe7a3270e86278d784d26020a,shootout,reversecomplement_2,520.788000,1
Ř,2872a799f6bcd14fe7a3270e86278d784d26020a,shootout,reversecomplement_2,523.051000,1
Ř,2872a799f6bcd14fe7a3270e86278d784d26020a,shootout,reversecomplement_2,523.419000,1
Ř,2872a799f6bcd14fe7a3270e86278d784d26020a,shootout,reversecomplement_2,520.186000,1
Ř,2872a799f6bcd14fe7a3270e86278d784d26020a,shootout,reversecomplement_2,517.978000,1
Ř,2872a799f6bcd14fe7a3270e86278d784d26020a,shootout,reversecomplement_2,519.071000,1
Ř,2872a799f6bcd14fe7a3270e86278d784d26020a,shootout,fastaredux_naive,865.413000,0
Ř,2872a799f6bcd14fe7a3270e86278d784d26020a,shootout,fastaredux_naive,852.613000,0
Ř,2872a799f6bcd14fe7a3270e86278d784d26020a,shootout,fastaredux_naive,861.657000,0
Ř,2872a799f6bcd14fe7a3270e86278d784d26020a,shootout,fastaredux_naive,872.933000,0
Ř,2872a799f6bcd14fe7a3270e86278d784d26020a,shootout,fastaredux_naive,864.391000,0
Ř,2872a799f6bcd14fe7a3270e86278d784d26020a,shootout,fastaredux_naive,848.686000,1
Ř,2872a799f6bcd14fe7a3270e86278d784d26020a,shootout,fastaredux_naive,854.393000,1
Ř,2872a799f6bcd14fe7a3270e86278d784d26020a,shootout,fastaredux_naive,877.260000,1
Ř,2872a799f6bcd14fe7a3270e86278d784d26020a,shootout,fastaredux_naive,877.821000,1
Ř,2872a799f6bcd14fe7a3270e86278d784d26020a,shootout,fastaredux_naive,849.676000,1
Ř,2872a799f6bcd14fe7a3270e86278d784d26020a,shootout,fastaredux_naive,860.026000,1
Ř,2872a799f6bcd14fe7a3270e86278d784d26020a,shootout,fastaredux_naive,874.591000,1
Ř,2872a799f6bcd14fe7a3270e86278d784d26020a,shootout,fastaredux_naive,878.340000,1
Ř,2872a799f6bcd14fe7a3270e86278d784d26020a,shootout,fastaredux_naive,846.664000,1
Ř,2872a799f6bcd14fe7a3270e86278d784d26020a,shootout,fastaredux_naive,861.034000,1
Ř,2872a799f6bcd14fe7a3270e86278d784d26020a,shootout,fasta_3,1244.917000,0
Ř,2872a799f6bcd14fe7a3270e86278d784d26020a,shootout,fasta_3,1247.601000,0
Ř,2872a799f6bcd14fe7a3270e86278d784d26020a,shootout,fasta_3,1235.631000,0
Ř,2872a799f6bcd14fe7a3270e86278d784d26020a,shootout,fasta_3,1245.157000,0
Ř,2872a799f6bcd14fe7a3270e86278d784d26020a,shootout,fasta_3,1229.260000,0
Ř,2872a799f6bcd14fe7a3270e86278d784d26020a,shootout,fasta_3,1244.564000,1
Ř,2872a799f6bcd14fe7a3270e86278d784d26020a,shootout,fasta_3,1243.844000,1
Ř,2872a799f6bcd14fe7a3270e86278d784d26020a,shootout,fasta_3,1243.236000,1
Ř,2872a799f6bcd14fe7a3270e86278d784d26020a,shootout,fasta_3,1239.202000,1
Ř,2872a799f6bcd14fe7a3270e86278d784d26020a,shootout,fasta_3,1250.394000,1
Ř,2872a799f6bcd14fe7a3270e86278d784d26020a,shootout,fasta_3,1234.723000,1
Ř,2872a799f6bcd14fe7a3270e86278d784d26020a,shootout,fasta_3,1231.659000,1
Ř,2872a799f6bcd14fe7a3270e86278d784d26020a,shootout,fasta_3,1239.695000,1
Ř,2872a799f6bcd14fe7a3270e86278d784d26020a,shootout,fasta_3,1237.936000,1
Ř,2872a799f6bcd14fe7a3270e86278d784d26020a,shootout,fasta_3,1227.497000,1
Ř,2872a799f6bcd14fe7a3270e86278d784d26020a,shootout,nbody_3,1465.147000,0
Ř,2872a799f6bcd14fe7a3270e86278d784d26020a,shootout,nbody_3,1450.499000,0
Ř,2872a799f6bcd14fe7a3270e86278d784d26020a,shootout,nbody_3,1456.638000,0
Ř,2872a799f6bcd14fe7a3270e86278d784d26020a,shootout,nbody_3,1428.045000,0
Ř,2872a799f6bcd14fe7a3270e86278d784d26020a,shootout,nbody_3,1438.176000,0
Ř,2872a799f6bcd14fe7a3270e86278d784d26020a,shootout,nbody_3,1440.141000,1
Ř,2872a799f6bcd14fe7a3270e86278d784d26020a,shootout,nbody_3,1439.716000,1
Ř,2872a799f6bcd14fe7a3270e86278d784d26020a,shootout,nbody_3,1428.176000,1
Ř,2872a799f6bcd14fe7a3270e86278d784d26020a,shootout,nbody_3,1443.323000,1
Ř,2872a799f6bcd14fe7a3270e86278d784d26020a,shootout,nbody_3,1426.863000,1
Ř,2872a799f6bcd14fe7a3270e86278d784d26020a,shootout,nbody_3,1439.586000,1
Ř,2872a799f6bcd14fe7a3270e86278d784d26020a,shootout,nbody_3,1434.142000,1
Ř,2872a799f6bcd14fe7a3270e86278d784d26020a,shootout,nbody_3,1446.566000,1
Ř,2872a799f6bcd14fe7a3270e86278d784d26020a,shootout,nbody_3,1436.274000,1
Ř,2872a799f6bcd14fe7a3270e86278d784d26020a,shootout,nbody_3,1430.295000,1
Ř,2872a799f6bcd14fe7a3270e86278d784d26020a,shootout,knucleotide_brute_2,5730.294000,0
Ř,2872a799f6bcd14fe7a3270e86278d784d26020a,shootout,knucleotide_brute_2,6296.271000,0
Ř,2872a799f6bcd14fe7a3270e86278d784d26020a,shootout,knucleotide_brute_2,6231.619000,0
Ř,2872a799f6bcd14fe7a3270e86278d784d26020a,shootout,knucleotide_brute_2,6133.602000,0
Ř,2872a799f6bcd14fe7a3270e86278d784d26020a,shootout,knucleotide_brute_2,6130.246000,0
Ř,2872a799f6bcd14fe7a3270e86278d784d26020a,shootout,knucleotide_brute_2,6052.990000,1
Ř,2872a799f6bcd14fe7a3270e86278d784d26020a,shootout,knucleotide_brute_2,5972.727000,1
Ř,2872a799f6bcd14fe7a3270e86278d784d26020a,shootout,knucleotide_brute_2,5975.724000,1
Ř,2872a799f6bcd14fe7a3270e86278d784d26020a,shootout,knucleotide_brute_2,5930.927000,1
Ř,2872a799f6bcd14fe7a3270e86278d784d26020a,shootout,knucleotide_brute_2,5893.080000,1
Ř,2872a799f6bcd14fe7a3270e86278d784d26020a,shootout,knucleotide_brute_2,5874.658000,1
Ř,2872a799f6bcd14fe7a3270e86278d784d26020a,shootout,knucleotide_brute_2,5749.094000,1
Ř,2872a799f6bcd14fe7a3270e86278d784d26020a,shootout,knucleotide_brute_2,5750.576000,1
Ř,2872a799f6bcd14fe7a3270e86278d784d26020a,shootout,knucleotide_brute_2,5769.706000,1
Ř,2872a799f6bcd14fe7a3270e86278d784d26020a,shootout,knucleotide_brute_2,5765.562000,1
Ř,2872a799f6bcd14fe7a3270e86278d784d26020a,shootout,fastaredux,728.952000,0
Ř,2872a799f6bcd14fe7a3270e86278d784d26020a,shootout,fastaredux,725.476000,0
Ř,2872a799f6bcd14fe7a3270e86278d784d26020a,shootout,fastaredux,727.070000,0
Ř,2872a799f6bcd14fe7a3270e86278d784d26020a,shootout,fastaredux,721.698000,0
Ř,2872a799f6bcd14fe7a3270e86278d784d26020a,shootout,fastaredux,722.691000,0
Ř,2872a799f6bcd14fe7a3270e86278d784d26020a,shootout,fastaredux,722.568000,1
Ř,2872a799f6bcd14fe7a3270e86278d784d26020a,shootout,fastaredux,735.662000,1
Ř,2872a799f6bcd14fe7a3270e86278d784d26020a,shootout,fastaredux,735.421000,1
Ř,2872a799f6bcd14fe7a3270e86278d784d26020a,shootout,fastaredux,734.890000,1
Ř,2872a799f6bcd14fe7a3270e86278d784d26020a,shootout,fastaredux,737.060000,1
Ř,2872a799f6bcd14fe7a3270e86278d784d26020a,shootout,fastaredux,737.298000,1
Ř,2872a799f6bcd14fe7a3270e86278d784d26020a,shootout,fastaredux,749.626000,1
Ř,2872a799f6bcd14fe7a3270e86278d784d26020a,shootout,fastaredux,716.106000,1
Ř,2872a799f6bcd14fe7a3270e86278d784d26020a,shootout,fastaredux,719.028000,1
Ř,2872a799f6bcd14fe7a3270e86278d784d26020a,shootout,fastaredux,720.913000,1
Ř,2872a799f6bcd14fe7a3270e86278d784d26020a,shootout,binarytrees,147.976000,0
Ř,2872a799f6bcd14fe7a3270e86278d784d26020a,shootout,binarytrees,142.055000,0
Ř,2872a799f6bcd14fe7a3270e86278d784d26020a,shootout,binarytrees,140.914000,0
Ř,2872a799f6bcd14fe7a3270e86278d784d26020a,shootout,binarytrees,141.825000,0
Ř,2872a799f6bcd14fe7a3270e86278d784d26020a,shootout,binarytrees,151.547000,0
Ř,2872a799f6bcd14fe7a3270e86278d784d26020a,shootout,binarytrees,142.541000,1
Ř,2872a799f6bcd14fe7a3270e86278d784d26020a,shootout,binarytrees,142.312000,1
Ř,2872a799f6bcd14fe7a3270e86278d784d26020a,shootout,binarytrees,142.508000,1
Ř,2872a799f6bcd14fe7a3270e86278d784d26020a,shootout,binarytrees,145.329000,1
Ř,2872a799f6bcd14fe7a3270e86278d784d26020a,shootout,binarytrees,142.166000,1
Ř,2872a799f6bcd14fe7a3270e86278d784d26020a,shootout,binarytrees,142.888000,1
Ř,2872a799f6bcd14fe7a3270e86278d784d26020a,shootout,binarytrees,142.932000,1
Ř,2872a799f6bcd14fe7a3270e86278d784d26020a,shootout,binarytrees,143.301000,1
Ř,2872a799f6bcd14fe7a3270e86278d784d26020a,shootout,binarytrees,143.673000,1
Ř,2872a799f6bcd14fe7a3270e86278d784d26020a,shootout,binarytrees,143.858000,1
Ř,2872a799f6bcd14fe7a3270e86278d784d26020a,shootout,mandelbrot_naive_ascii,609.445000,0
Ř,2872a799f6bcd14fe7a3270e86278d784d26020a,shootout,mandelbrot_naive_ascii,607.376000,0
Ř,2872a799f6bcd14fe7a3270e86278d784d26020a,shootout,mandelbrot_naive_ascii,600.704000,0
Ř,2872a799f6bcd14fe7a3270e86278d784d26020a,shootout,mandelbrot_naive_ascii,603.267000,0
Ř,2872a799f6bcd14fe7a3270e86278d784d26020a,shootout,mandelbrot_naive_ascii,598.238000,0
Ř,2872a799f6bcd14fe7a3270e86278d784d26020a,shootout,mandelbrot_naive_ascii,598.958000,1
Ř,2872a799f6bcd14fe7a3270e86278d784d26020a,shootout,mandelbrot_naive_ascii,604.773000,1
Ř,2872a799f6bcd14fe7a3270e86278d784d26020a,shootout,mandelbrot_naive_ascii,603.534000,1
Ř,2872a799f6bcd14fe7a3270e86278d784d26020a,shootout,mandelbrot_naive_ascii,595.770000,1
Ř,2872a799f6bcd14fe7a3270e86278d784d26020a,shootout,mandelbrot_naive_ascii,614.411000,1
Ř,2872a799f6bcd14fe7a3270e86278d784d26020a,shootout,mandelbrot_naive_ascii,605.558000,1
Ř,2872a799f6bcd14fe7a3270e86278d784d26020a,shootout,mandelbrot_naive_ascii,599.742000,1
Ř,2872a799f6bcd14fe7a3270e86278d784d26020a,shootout,mandelbrot_naive_ascii,605.415000,1
Ř,2872a799f6bcd14fe7a3270e86278d784d26020a,shootout,mandelbrot_naive_ascii,600.152000,1
Ř,2872a799f6bcd14fe7a3270e86278d784d26020a,shootout,mandelbrot_naive_ascii,606.222000,1
Ř,2872a799f6bcd14fe7a3270e86278d784d26020a,shootout,spectralnorm_alt_3,1748.876000,0
Ř,2872a799f6bcd14fe7a3270e86278d784d26020a,shootout,spectralnorm_alt_3,1746.447000,0
Ř,2872a799f6bcd14fe7a3270e86278d784d26020a,shootout,spectralnorm_alt_3,1711.979000,0
Ř,2872a799f6bcd14fe7a3270e86278d784d26020a,shootout,spectralnorm_alt_3,1719.033000,0
Ř,2872a799f6bcd14fe7a3270e86278d784d26020a,shootout,spectralnorm_alt_3,1709.491000,0
Ř,2872a799f6bcd14fe7a3270e86278d784d26020a,shootout,spectralnorm_alt_3,1713.918000,1
Ř,2872a799f6bcd14fe7a3270e86278d784d26020a,shootout,spectralnorm_alt_3,1718.971000,1
Ř,2872a799f6bcd14fe7a3270e86278d784d26020a,shootout,spectralnorm_alt_3,1708.691000,1
Ř,2872a799f6bcd14fe7a3270e86278d784d26020a,shootout,spectralnorm_alt_3,1714.704000,1
Ř,2872a799f6bcd14fe7a3270e86278d784d26020a,shootout,spectralnorm_alt_3,1708.319000,1
Ř,2872a799f6bcd14fe7a3270e86278d784d26020a,shootout,spectralnorm_alt_3,1712.833000,1
Ř,2872a799f6bcd14fe7a3270e86278d784d26020a,shootout,spectralnorm_alt_3,1736.687000,1
Ř,2872a799f6bcd14fe7a3270e86278d784d26020a,shootout,spectralnorm_alt_3,1708.068000,1
Ř,2872a799f6bcd14fe7a3270e86278d784d26020a,shootout,spectralnorm_alt_3,1711.453000,1
Ř,2872a799f6bcd14fe7a3270e86278d784d26020a,shootout,spectralnorm_alt_3,1714.196000,1
Ř,2872a799f6bcd14fe7a3270e86278d784d26020a,shootout,pidigits,139.654000,0
Ř,2872a799f6bcd14fe7a3270e86278d784d26020a,shootout,pidigits,130.181000,0
Ř,2872a799f6bcd14fe7a3270e86278d784d26020a,shootout,pidigits,129.697000,0
Ř,2872a799f6bcd14fe7a3270e86278d784d26020a,shootout,pidigits,130.527000,0
Ř,2872a799f6bcd14fe7a3270e86278d784d26020a,shootout,pidigits,139.165000,0
Ř,2872a799f6bcd14fe7a3270e86278d784d26020a,shootout,pidigits,130.335000,1
Ř,2872a799f6bcd14fe7a3270e86278d784d26020a,shootout,pidigits,129.772000,1
Ř,2872a799f6bcd14fe7a3270e86278d784d26020a,shootout,pidigits,130.586000,1
Ř,2872a799f6bcd14fe7a3270e86278d784d26020a,shootout,pidigits,133.340000,1
Ř,2872a799f6bcd14fe7a3270e86278d784d26020a,shootout,pidigits,130.499000,1
Ř,2872a799f6bcd14fe7a3270e86278d784d26020a,shootout,pidigits,129.351000,1
Ř,2872a799f6bcd14fe7a3270e86278d784d26020a,shootout,pidigits,130.688000,1
Ř,2872a799f6bcd14fe7a3270e86278d784d26020a,shootout,pidigits,130.523000,1
Ř,2872a799f6bcd14fe7a3270e86278d784d26020a,shootout,pidigits,130.734000,1
Ř,2872a799f6bcd14fe7a3270e86278d784d26020a,shootout,pidigits,129.782000,1
Ř,2872a799f6bcd14fe7a3270e86278d784d26020a,shootout,spectralnorm_math,3087.164000,0
Ř,2872a799f6bcd14fe7a3270e86278d784d26020a,shootout,spectralnorm_math,3053.971000,0
Ř,2872a799f6bcd14fe7a3270e86278d784d26020a,shootout,spectralnorm_math,3038.393000,0
Ř,2872a799f6bcd14fe7a3270e86278d784d26020a,shootout,spectralnorm_math,3038.734000,0
Ř,2872a799f6bcd14fe7a3270e86278d784d26020a,shootout,spectralnorm_math,3023.390000,0
Ř,2872a799f6bcd14fe7a3270e86278d784d26020a,shootout,spectralnorm_math,3020.208000,1
Ř,2872a799f6bcd14fe7a3270e86278d784d26020a,shootout,spectralnorm_math,3030.580000,1
Ř,2872a799f6bcd14fe7a3270e86278d784d26020a,shootout,spectralnorm_math,3010.979000,1
Ř,2872a799f6bcd14fe7a3270e86278d784d26020a,shootout,spectralnorm_math,3028.760000,1
Ř,2872a799f6bcd14fe7a3270e86278d784d26020a,shootout,spectralnorm_math,3030.263000,1
Ř,2872a799f6bcd14fe7a3270e86278d784d26020a,shootout,spectralnorm_math,3028.368000,1
Ř,2872a799f6bcd14fe7a3270e86278d784d26020a,shootout,spectralnorm_math,3009.911000,1
Ř,2872a799f6bcd14fe7a3270e86278d784d26020a,shootout,spectralnorm_math,3034.063000,1
Ř,2872a799f6bcd14fe7a3270e86278d784d26020a,shootout,spectralnorm_math,3025.881000,1
Ř,2872a799f6bcd14fe7a3270e86278d784d26020a,shootout,spectralnorm_math,3022.174000,1
Ř,2872a799f6bcd14fe7a3270e86278d784d26020a,shootout,nbody_2,878.536000,0
Ř,2872a799f6bcd14fe7a3270e86278d784d26020a,shootout,nbody_2,865.729000,0
Ř,2872a799f6bcd14fe7a3270e86278d784d26020a,shootout,nbody_2,864.815000,0
Ř,2872a799f6bcd14fe7a3270e86278d784d26020a,shootout,nbody_2,868.167000,0
Ř,2872a799f6bcd14fe7a3270e86278d784d26020a,shootout,nbody_2,851.782000,0
Ř,2872a799f6bcd14fe7a3270e86278d784d26020a,shootout,nbody_2,850.089000,1
Ř,2872a799f6bcd14fe7a3270e86278d784d26020a,shootout,nbody_2,853.547000,1
Ř,2872a799f6bcd14fe7a3270e86278d784d26020a,shootout,nbody_2,858.859000,1
Ř,2872a799f6bcd14fe7a3270e86278d784d26020a,shootout,nbody_2,852.808000,1
Ř,2872a799f6bcd14fe7a3270e86278d784d26020a,shootout,nbody_2,852.209000,1
Ř,2872a799f6bcd14fe7a3270e86278d784d26020a,shootout,nbody_2,860.336000,1
Ř,2872a799f6bcd14fe7a3270e86278d784d26020a,shootout,nbody_2,848.743000,1
Ř,2872a799f6bcd14fe7a3270e86278d784d26020a,shootout,nbody_2,850.886000,1
Ř,2872a799f6bcd14fe7a3270e86278d784d26020a,shootout,nbody_2,851.546000,1
Ř,2872a799f6bcd14fe7a3270e86278d784d26020a,shootout,nbody_2,861.684000,1
Ř,2872a799f6bcd14fe7a3270e86278d784d26020a,shootout,fasta_2,1131.250000,0
Ř,2872a799f6bcd14fe7a3270e86278d784d26020a,shootout,fasta_2,1130.503000,0
Ř,2872a799f6bcd14fe7a3270e86278d784d26020a,shootout,fasta_2,1108.607000,0
Ř,2872a799f6bcd14fe7a3270e86278d784d26020a,shootout,fasta_2,1114.509000,0
Ř,2872a799f6bcd14fe7a3270e86278d784d26020a,shootout,fasta_2,1116.222000,0
Ř,2872a799f6bcd14fe7a3270e86278d784d26020a,shootout,fasta_2,1105.588000,1
Ř,2872a799f6bcd14fe7a3270e86278d784d26020a,shootout,fasta_2,1101.346000,1
Ř,2872a799f6bcd14fe7a3270e86278d784d26020a,shootout,fasta_2,1114.777000,1
Ř,2872a799f6bcd14fe7a3270e86278d784d26020a,shootout,fasta_2,1114.412000,1
Ř,2872a799f6bcd14fe7a3270e86278d784d26020a,shootout,fasta_2,1119.647000,1
Ř,2872a799f6bcd14fe7a3270e86278d784d26020a,shootout,fasta_2,1110.369000,1
Ř,2872a799f6bcd14fe7a3270e86278d784d26020a,shootout,fasta_2,1124.892000,1
Ř,2872a799f6bcd14fe7a3270e86278d784d26020a,shootout,fasta_2,1133.977000,1
Ř,2872a799f6bcd14fe7a3270e86278d784d26020a,shootout,fasta_2,1125.873000,1
Ř,2872a799f6bcd14fe7a3270e86278d784d26020a,shootout,fasta_2,1127.310000,1
Ř,2872a799f6bcd14fe7a3270e86278d784d26020a,shootout,knucleotide,525.666000,0
Ř,2872a799f6bcd14fe7a3270e86278d784d26020a,shootout,knucleotide,627.914000,0
Ř,2872a799f6bcd14fe7a3270e86278d784d26020a,shootout,knucleotide,646.262000,0
Ř,2872a799f6bcd14fe7a3270e86278d784d26020a,shootout,knucleotide,662.162000,0
Ř,2872a799f6bcd14fe7a3270e86278d784d26020a,shootout,knucleotide,691.759000,0
Ř,2872a799f6bcd14fe7a3270e86278d784d26020a,shootout,knucleotide,629.549000,1
Ř,2872a799f6bcd14fe7a3270e86278d784d26020a,shootout,knucleotide,596.990000,1
Ř,2872a799f6bcd14fe7a3270e86278d784d26020a,shootout,knucleotide,630.563000,1
Ř,2872a799f6bcd14fe7a3270e86278d784d26020a,shootout,knucleotide,654.708000,1
Ř,2872a799f6bcd14fe7a3270e86278d784d26020a,shootout,knucleotide,677.987000,1
Ř,2872a799f6bcd14fe7a3270e86278d784d26020a,shootout,knucleotide,694.317000,1
Ř,2872a799f6bcd14fe7a3270e86278d784d26020a,shootout,knucleotide,564.347000,1
Ř,2872a799f6bcd14fe7a3270e86278d784d26020a,shootout,knucleotide,625.323000,1
Ř,2872a799f6bcd14fe7a3270e86278d784d26020a,shootout,knucleotide,655.322000,1
Ř,2872a799f6bcd14fe7a3270e86278d784d26020a,shootout,knucleotide,685.165000,1
Ř,2872a799f6bcd14fe7a3270e86278d784d26020a,shootout,fasta_naive,994.845000,0
Ř,2872a799f6bcd14fe7a3270e86278d784d26020a,shootout,fasta_naive,989.251000,0
Ř,2872a799f6bcd14fe7a3270e86278d784d26020a,shootout,fasta_naive,998.180000,0
Ř,2872a799f6bcd14fe7a3270e86278d784d26020a,shootout,fasta_naive,1001.675000,0
Ř,2872a799f6bcd14fe7a3270e86278d784d26020a,shootout,fasta_naive,971.220000,0
Ř,2872a799f6bcd14fe7a3270e86278d784d26020a,shootout,fasta_naive,993.290000,1
Ř,2872a799f6bcd14fe7a3270e86278d784d26020a,shootout,fasta_naive,1015.820000,1
Ř,2872a799f6bcd14fe7a3270e86278d784d26020a,shootout,fasta_naive,974.504000,1
Ř,2872a799f6bcd14fe7a3270e86278d784d26020a,shootout,fasta_naive,978.653000,1
Ř,2872a799f6bcd14fe7a3270e86278d784d26020a,shootout,fasta_naive,1008.745000,1
Ř,2872a799f6bcd14fe7a3270e86278d784d26020a,shootout,fasta_naive,989.092000,1
Ř,2872a799f6bcd14fe7a3270e86278d784d26020a,shootout,fasta_naive,978.698000,1
Ř,2872a799f6bcd14fe7a3270e86278d784d26020a,shootout,fasta_naive,995.734000,1
Ř,2872a799f6bcd14fe7a3270e86278d784d26020a,shootout,fasta_naive,1004.949000,1
Ř,2872a799f6bcd14fe7a3270e86278d784d26020a,shootout,fasta_naive,974.786000,1
Ř,2872a799f6bcd14fe7a3270e86278d784d26020a,shootout,nbody,1132.349000,0
Ř,2872a799f6bcd14fe7a3270e86278d784d26020a,shootout,nbody,1115.278000,0
Ř,2872a799f6bcd14fe7a3270e86278d784d26020a,shootout,nbody,1118.384000,0
Ř,2872a799f6bcd14fe7a3270e86278d784d26020a,shootout,nbody,1124.236000,0
Ř,2872a799f6bcd14fe7a3270e86278d784d26020a,shootout,nbody,1103.552000,0
Ř,2872a799f6bcd14fe7a3270e86278d784d26020a,shootout,nbody,1105.465000,1
Ř,2872a799f6bcd14fe7a3270e86278d784d26020a,shootout,nbody,1117.022000,1
Ř,2872a799f6bcd14fe7a3270e86278d784d26020a,shootout,nbody,1106.534000,1
Ř,2872a799f6bcd14fe7a3270e86278d784d26020a,shootout,nbody,1102.196000,1
Ř,2872a799f6bcd14fe7a3270e86278d784d26020a,shootout,nbody,1109.460000,1
Ř,2872a799f6bcd14fe7a3270e86278d784d26020a,shootout,nbody,1112.895000,1
Ř,2872a799f6bcd14fe7a3270e86278d784d26020a,shootout,nbody,1107.678000,1
Ř,2872a799f6bcd14fe7a3270e86278d784d26020a,shootout,nbody,1177.872000,1
Ř,2872a799f6bcd14fe7a3270e86278d784d26020a,shootout,nbody,1113.309000,1
Ř,2872a799f6bcd14fe7a3270e86278d784d26020a,shootout,nbody,1105.808000,1
Ř,2872a799f6bcd14fe7a3270e86278d784d26020a,shootout,spectralnorm,4100.038000,0
Ř,2872a799f6bcd14fe7a3270e86278d784d26020a,shootout,spectralnorm,4079.965000,0
Ř,2872a799f6bcd14fe7a3270e86278d784d26020a,shootout,spectralnorm,4068.935000,0
Ř,2872a799f6bcd14fe7a3270e86278d784d26020a,shootout,spectralnorm,4066.890000,0
Ř,2872a799f6bcd14fe7a3270e86278d784d26020a,shootout,spectralnorm,4038.866000,0
Ř,2872a799f6bcd14fe7a3270e86278d784d26020a,shootout,spectralnorm,4044.408000,1
Ř,2872a799f6bcd14fe7a3270e86278d784d26020a,shootout,spectralnorm,4046.526000,1
Ř,2872a799f6bcd14fe7a3270e86278d784d26020a,shootout,spectralnorm,4044.475000,1
Ř,2872a799f6bcd14fe7a3270e86278d784d26020a,shootout,spectralnorm,4050.244000,1
Ř,2872a799f6bcd14fe7a3270e86278d784d26020a,shootout,spectralnorm,4055.080000,1
Ř,2872a799f6bcd14fe7a3270e86278d784d26020a,shootout,spectralnorm,4047.714000,1
Ř,2872a799f6bcd14fe7a3270e86278d784d26020a,shootout,spectralnorm,4046.531000,1
Ř,2872a799f6bcd14fe7a3270e86278d784d26020a,shootout,spectralnorm,4062.947000,1
Ř,2872a799f6bcd14fe7a3270e86278d784d26020a,shootout,spectralnorm,4039.849000,1
Ř,2872a799f6bcd14fe7a3270e86278d784d26020a,shootout,spectralnorm,4051.908000,1
Ř,2872a799f6bcd14fe7a3270e86278d784d26020a,shootout_annotations,spectralnorm_strict,3985.615000,0
Ř,2872a799f6bcd14fe7a3270e86278d784d26020a,shootout_annotations,spectralnorm_strict,3890.435000,0
Ř,2872a799f6bcd14fe7a3270e86278d784d26020a,shootout_annotations,spectralnorm_strict,3942.543000,0
Ř,2872a799f6bcd14fe7a3270e86278d784d26020a,shootout_annotations,spectralnorm_strict,3907.985000,0
Ř,2872a799f6bcd14fe7a3270e86278d784d26020a,shootout_annotations,spectralnorm_strict,3928.082000,0
Ř,2872a799f6bcd14fe7a3270e86278d784d26020a,shootout_annotations,spectralnorm_strict,3924.743000,1
Ř,2872a799f6bcd14fe7a3270e86278d784d26020a,shootout_annotations,spectralnorm_strict,3964.963000,1
Ř,2872a799f6bcd14fe7a3270e86278d784d26020a,shootout_annotations,spectralnorm_strict,3932.291000,1
Ř,2872a799f6bcd14fe7a3270e86278d784d26020a,shootout_annotations,spectralnorm_strict,3951.919000,1
Ř,2872a799f6bcd14fe7a3270e86278d784d26020a,shootout_annotations,spectralnorm_strict,3924.417000,1
Ř,2872a799f6bcd14fe7a3270e86278d784d26020a,shootout_annotations,spectralnorm_strict,3910.692000,1
Ř,2872a799f6bcd14fe7a3270e86278d784d26020a,shootout_annotations,spectralnorm_strict,3893.047000,1
Ř,2872a799f6bcd14fe7a3270e86278d784d26020a,shootout_annotations,spectralnorm_strict,3894.603000,1
Ř,2872a799f6bcd14fe7a3270e86278d784d26020a,shootout_annotations,spectralnorm_strict,3919.141000,1
Ř,2872a799f6bcd14fe7a3270e86278d784d26020a,shootout_annotations,spectralnorm_strict,3897.881000,1
Ř,2872a799f6bcd14fe7a3270e86278d784d26020a,shootout_annotations,pidigits_strict,153.460000,0
Ř,2872a799f6bcd14fe7a3270e86278d784d26020a,shootout_annotations,pidigits_strict,145.256000,0
Ř,2872a799f6bcd14fe7a3270e86278d784d26020a,shootout_annotations,pidigits_strict,145.347000,0
Ř,2872a799f6bcd14fe7a3270e86278d784d26020a,shootout_annotations,pidigits_strict,145.370000,0
Ř,2872a799f6bcd14fe7a3270e86278d784d26020a,shootout_annotations,pidigits_strict,154.276000,0
Ř,2872a799f6bcd14fe7a3270e86278d784d26020a,shootout_annotations,pidigits_strict,145.165000,1
Ř,2872a799f6bcd14fe7a3270e86278d784d26020a,shootout_annotations,pidigits_strict,144.396000,1
Ř,2872a799f6bcd14fe7a3270e86278d784d26020a,shootout_annotations,pidigits_strict,145.110000,1
Ř,2872a799f6bcd14fe7a3270e86278d784d26020a,shootout_annotations,pidigits_strict,148.548000,1
Ř,2872a799f6bcd14fe7a3270e86278d784d26020a,shootout_annotations,pidigits_strict,145.410000,1
Ř,2872a799f6bcd14fe7a3270e86278d784d26020a,shootout_annotations,pidigits_strict,145.169000,1
Ř,2872a799f6bcd14fe7a3270e86278d784d26020a,shootout_annotations,pidigits_strict,145.288000,1
Ř,2872a799f6bcd14fe7a3270e86278d784d26020a,shootout_annotations,pidigits_strict,145.509000,1
Ř,2872a799f6bcd14fe7a3270e86278d784d26020a,shootout_annotations,pidigits_strict,145.178000,1
Ř,2872a799f6bcd14fe7a3270e86278d784d26020a,shootout_annotations,pidigits_strict,150.521000,1
Ř,2872a799f6bcd14fe7a3270e86278d784d26020a,shootout_annotations,fasta_3_strict,1219.761000,0
Ř,2872a799f6bcd14fe7a3270e86278d784d26020a,shootout_annotations,fasta_3_strict,1222.232000,0
Ř,2872a799f6bcd14fe7a3270e86278d784d26020a,shootout_annotations,fasta_3_strict,1216.328000,0
Ř,2872a799f6bcd14fe7a3270e86278d784d26020a,shootout_annotations,fasta_3_strict,1212.887000,0
Ř,2872a799f6bcd14fe7a3270e86278d784d26020a,shootout_annotations,fasta_3_strict,1228.985000,0
Ř,2872a799f6bcd14fe7a3270e86278d784d26020a,shootout_annotations,fasta_3_strict,1212.652000,1
Ř,2872a799f6bcd14fe7a3270e86278d784d26020a,shootout_annotations,fasta_3_strict,1223.452000,1
Ř,2872a799f6bcd14fe7a3270e86278d784d26020a,shootout_annotations,fasta_3_strict,1223.124000,1
Ř,2872a799f6bcd14fe7a3270e86278d784d26020a,shootout_annotations,fasta_3_strict,1230.848000,1
Ř,2872a799f6bcd14fe7a3270e86278d784d26020a,shootout_annotations,fasta_3_strict,1221.620000,1
Ř,2872a799f6bcd14fe7a3270e86278d784d26020a,shootout_annotations,fasta_3_strict,1211.192000,1
Ř,2872a799f6bcd14fe7a3270e86278d784d26020a,shootout_annotations,fasta_3_strict,1214.629000,1
Ř,2872a799f6bcd14fe7a3270e86278d784d26020a,shootout_annotations,fasta_3_strict,1219.779000,1
Ř,2872a799f6bcd14fe7a3270e86278d784d26020a,shootout_annotations,fasta_3_strict,1224.455000,1
Ř,2872a799f6bcd14fe7a3270e86278d784d26020a,shootout_annotations,fasta_3_strict,1221.374000,1
Ř,2872a799f6bcd14fe7a3270e86278d784d26020a,shootout_annotations,knucleotide_brute_strict,4661.264000,0
Ř,2872a799f6bcd14fe7a3270e86278d784d26020a,shootout_annotations,knucleotide_brute_strict,5116.275000,0
Ř,2872a799f6bcd14fe7a3270e86278d784d26020a,shootout_annotations,knucleotide_brute_strict,5065.831000,0
Ř,2872a799f6bcd14fe7a3270e86278d784d26020a,shootout_annotations,knucleotide_brute_strict,5134.952000,0
Ř,2872a799f6bcd14fe7a3270e86278d784d26020a,shootout_annotations,knucleotide_brute_strict,5074.238000,0
Ř,2872a799f6bcd14fe7a3270e86278d784d26020a,shootout_annotations,knucleotide_brute_strict,5091.443000,1
Ř,2872a799f6bcd14fe7a3270e86278d784d26020a,shootout_annotations,knucleotide_brute_strict,5127.995000,1
Ř,2872a799f6bcd14fe7a3270e86278d784d26020a,shootout_annotations,knucleotide_brute_strict,5084.583000,1
Ř,2872a799f6bcd14fe7a3270e86278d784d26020a,shootout_annotations,knucleotide_brute_strict,5130.457000,1
Ř,2872a799f6bcd14fe7a3270e86278d784d26020a,shootout_annotations,knucleotide_brute_strict,5067.479000,1
Ř,2872a799f6bcd14fe7a3270e86278d784d26020a,shootout_annotations,knucleotide_brute_strict,5101.566000,1
Ř,2872a799f6bcd14fe7a3270e86278d784d26020a,shootout_annotations,knucleotide_brute_strict,5129.107000,1
Ř,2872a799f6bcd14fe7a3270e86278d784d26020a,shootout_annotations,knucleotide_brute_strict,5077.346000,1
Ř,2872a799f6bcd14fe7a3270e86278d784d26020a,shootout_annotations,knucleotide_brute_strict,5102.693000,1
Ř,2872a799f6bcd14fe7a3270e86278d784d26020a,shootout_annotations,knucleotide_brute_strict,5136.803000,1
Ř,2872a799f6bcd14fe7a3270e86278d784d26020a,shootout_annotations,binarytrees_2_strict,140.141000,0
Ř,2872a799f6bcd14fe7a3270e86278d784d26020a,shootout_annotations,binarytrees_2_strict,134.466000,0
Ř,2872a799f6bcd14fe7a3270e86278d784d26020a,shootout_annotations,binarytrees_2_strict,134.027000,0
Ř,2872a799f6bcd14fe7a3270e86278d784d26020a,shootout_annotations,binarytrees_2_strict,133.475000,0
Ř,2872a799f6bcd14fe7a3270e86278d784d26020a,shootout_annotations,binarytrees_2_strict,143.678000,0
Ř,2872a799f6bcd14fe7a3270e86278d784d26020a,shootout_annotations,binarytrees_2_strict,134.208000,1
Ř,2872a799f6bcd14fe7a3270e86278d784d26020a,shootout_annotations,binarytrees_2_strict,134.660000,1
Ř,2872a799f6bcd14fe7a3270e86278d784d26020a,shootout_annotations,binarytrees_2_strict,134.561000,1
Ř,2872a799f6bcd14fe7a3270e86278d784d26020a,shootout_annotations,binarytrees_2_strict,134.181000,1
Ř,2872a799f6bcd14fe7a3270e86278d784d26020a,shootout_annotations,binarytrees_2_strict,137.172000,1
Ř,2872a799f6bcd14fe7a3270e86278d784d26020a,shootout_annotations,binarytrees_2_strict,134.242000,1
Ř,2872a799f6bcd14fe7a3270e86278d784d26020a,shootout_annotations,binarytrees_2_strict,135.718000,1
Ř,2872a799f6bcd14fe7a3270e86278d784d26020a,shootout_annotations,binarytrees_2_strict,134.699000,1
Ř,2872a799f6bcd14fe7a3270e86278d784d26020a,shootout_annotations,binarytrees_2_strict,134.990000,1
Ř,2872a799f6bcd14fe7a3270e86278d784d26020a,shootout_annotations,binarytrees_2_strict,134.120000,1
Ř,2872a799f6bcd14fe7a3270e86278d784d26020a,shootout_annotations,fastaredux_naive_strict,898.608000,0
Ř,2872a799f6bcd14fe7a3270e86278d784d26020a,shootout_annotations,fastaredux_naive_strict,881.830000,0
Ř,2872a799f6bcd14fe7a3270e86278d784d26020a,shootout_annotations,fastaredux_naive_strict,851.808000,0
Ř,2872a799f6bcd14fe7a3270e86278d784d26020a,shootout_annotations,fastaredux_naive_strict,877.280000,0
Ř,2872a799f6bcd14fe7a3270e86278d784d26020a,shootout_annotations,fastaredux_naive_strict,882.500000,0
Ř,2872a799f6bcd14fe7a3270e86278d784d26020a,shootout_annotations,fastaredux_naive_strict,882.155000,1
Ř,2872a799f6bcd14fe7a3270e86278d784d26020a,shootout_annotations,fastaredux_naive_strict,864.704000,1
Ř,2872a799f6bcd14fe7a3270e86278d784d26020a,shootout_annotations,fastaredux_naive_strict,868.058000,1
Ř,2872a799f6bcd14fe7a3270e86278d784d26020a,shootout_annotations,fastaredux_naive_strict,870.443000,1
Ř,2872a799f6bcd14fe7a3270e86278d784d26020a,shootout_annotations,fastaredux_naive_strict,849.073000,1
Ř,2872a799f6bcd14fe7a3270e86278d784d26020a,shootout_annotations,fastaredux_naive_strict,850.649000,1
Ř,2872a799f6bcd14fe7a3270e86278d784d26020a,shootout_annotations,fastaredux_naive_strict,851.305000,1
Ř,2872a799f6bcd14fe7a3270e86278d784d26020a,shootout_annotations,fastaredux_naive_strict,874.602000,1
Ř,2872a799f6bcd14fe7a3270e86278d784d26020a,shootout_annotations,fastaredux_naive_strict,831.199000,1
Ř,2872a799f6bcd14fe7a3270e86278d784d26020a,shootout_annotations,fastaredux_naive_strict,851.544000,1
Ř,2872a799f6bcd14fe7a3270e86278d784d26020a,shootout_annotations,spectralnorm_alt_3_strict,1803.951000,0
Ř,2872a799f6bcd14fe7a3270e86278d784d26020a,shootout_annotations,spectralnorm_alt_3_strict,1793.360000,0
Ř,2872a799f6bcd14fe7a3270e86278d784d26020a,shootout_annotations,spectralnorm_alt_3_strict,1761.760000,0
Ř,2872a799f6bcd14fe7a3270e86278d784d26020a,shootout_annotations,spectralnorm_alt_3_strict,1817.099000,0
Ř,2872a799f6bcd14fe7a3270e86278d784d26020a,shootout_annotations,spectralnorm_alt_3_strict,1769.668000,0
Ř,2872a799f6bcd14fe7a3270e86278d784d26020a,shootout_annotations,spectralnorm_alt_3_strict,1779.657000,1
Ř,2872a799f6bcd14fe7a3270e86278d784d26020a,shootout_annotations,spectralnorm_alt_3_strict,1785.674000,1
Ř,2872a799f6bcd14fe7a3270e86278d784d26020a,shootout_annotations,spectralnorm_alt_3_strict,1807.398000,1
Ř,2872a799f6bcd14fe7a3270e86278d784d26020a,shootout_annotations,spectralnorm_alt_3_strict,1796.677000,1
Ř,2872a799f6bcd14fe7a3270e86278d784d26020a,shootout_annotations,spectralnorm_alt_3_strict,1756.132000,1
Ř,2872a799f6bcd14fe7a3270e86278d784d26020a,shootout_annotations,spectralnorm_alt_3_strict,1765.146000,1
Ř,2872a799f6bcd14fe7a3270e86278d784d26020a,shootout_annotations,spectralnorm_alt_3_strict,1778.026000,1
Ř,2872a799f6bcd14fe7a3270e86278d784d26020a,shootout_annotations,spectralnorm_alt_3_strict,1771.825000,1
Ř,2872a799f6bcd14fe7a3270e86278d784d26020a,shootout_annotations,spectralnorm_alt_3_strict,1785.686000,1
Ř,2872a799f6bcd14fe7a3270e86278d784d26020a,shootout_annotations,spectralnorm_alt_3_strict,1784.672000,1
Ř,2872a799f6bcd14fe7a3270e86278d784d26020a,simple,vectorWhile,2278.170000,0
Ř,2872a799f6bcd14fe7a3270e86278d784d26020a,simple,vectorWhile,2289.645000,0
Ř,2872a799f6bcd14fe7a3270e86278d784d26020a,simple,vectorWhile,2308.098000,0
Ř,2872a799f6bcd14fe7a3270e86278d784d26020a,simple,vectorWhile,2313.961000,0
Ř,2872a799f6bcd14fe7a3270e86278d784d26020a,simple,vectorWhile,2329.318000,0
Ř,2872a799f6bcd14fe7a3270e86278d784d26020a,simple,vectorWhile,2317.461000,1
Ř,2872a799f6bcd14fe7a3270e86278d784d26020a,simple,vectorWhile,2324.677000,1
Ř,2872a799f6bcd14fe7a3270e86278d784d26020a,simple,vectorWhile,2301.656000,1
Ř,2872a799f6bcd14fe7a3270e86278d784d26020a,simple,vectorWhile,2314.991000,1
Ř,2872a799f6bcd14fe7a3270e86278d784d26020a,simple,vectorWhile,2306.083000,1
Ř,2872a799f6bcd14fe7a3270e86278d784d26020a,simple,vectorWhile,2316.631000,1
Ř,2872a799f6bcd14fe7a3270e86278d784d26020a,simple,vectorWhile,2306.928000,1
Ř,2872a799f6bcd14fe7a3270e86278d784d26020a,simple,vectorWhile,2303.905000,1
Ř,2872a799f6bcd14fe7a3270e86278d784d26020a,simple,vectorWhile,2295.749000,1
Ř,2872a799f6bcd14fe7a3270e86278d784d26020a,simple,vectorWhile,2316.086000,1
Ř,2872a799f6bcd14fe7a3270e86278d784d26020a,simple,scalarWhile,2283.507000,0
Ř,2872a799f6bcd14fe7a3270e86278d784d26020a,simple,scalarWhile,2229.395000,0
Ř,2872a799f6bcd14fe7a3270e86278d784d26020a,simple,scalarWhile,2258.407000,0
Ř,2872a799f6bcd14fe7a3270e86278d784d26020a,simple,scalarWhile,2273.361000,0
Ř,2872a799f6bcd14fe7a3270e86278d784d26020a,simple,scalarWhile,2263.100000,0
Ř,2872a799f6bcd14fe7a3270e86278d784d26020a,simple,scalarWhile,2272.950000,1
Ř,2872a799f6bcd14fe7a3270e86278d784d26020a,simple,scalarWhile,2270.431000,1
Ř,2872a799f6bcd14fe7a3270e86278d784d26020a,simple,scalarWhile,2245.329000,1
Ř,2872a799f6bcd14fe7a3270e86278d784d26020a,simple,scalarWhile,2267.930000,1
Ř,2872a799f6bcd14fe7a3270e86278d784d26020a,simple,scalarWhile,2278.310000,1
Ř,2872a799f6bcd14fe7a3270e86278d784d26020a,simple,scalarWhile,2265.261000,1
Ř,2872a799f6bcd14fe7a3270e86278d784d26020a,simple,scalarWhile,2247.309000,1
Ř,2872a799f6bcd14fe7a3270e86278d784d26020a,simple,scalarWhile,2262.877000,1
Ř,2872a799f6bcd14fe7a3270e86278d784d26020a,simple,scalarWhile,2279.613000,1
Ř,2872a799f6bcd14fe7a3270e86278d784d26020a,simple,scalarWhile,2276.232000,1
Ř,2872a799f6bcd14fe7a3270e86278d784d26020a,simple,lapplyDots,775.436000,0
Ř,2872a799f6bcd14fe7a3270e86278d784d26020a,simple,lapplyDots,987.729000,0
Ř,2872a799f6bcd14fe7a3270e86278d784d26020a,simple,lapplyDots,969.015000,0
Ř,2872a799f6bcd14fe7a3270e86278d784d26020a,simple,lapplyDots,1096.608000,0
Ř,2872a799f6bcd14fe7a3270e86278d784d26020a,simple,lapplyDots,1120.839000,0
Ř,2872a799f6bcd14fe7a3270e86278d784d26020a,simple,lapplyDots,1115.648000,1
Ř,2872a799f6bcd14fe7a3270e86278d784d26020a,simple,lapplyDots,1076.118000,1
Ř,2872a799f6bcd14fe7a3270e86278d784d26020a,simple,lapplyDots,1108.783000,1
Ř,2872a799f6bcd14fe7a3270e86278d784d26020a,simple,lapplyDots,1108.729000,1
Ř,2872a799f6bcd14fe7a3270e86278d784d26020a,simple,lapplyDots,1118.757000,1
Ř,2872a799f6bcd14fe7a3270e86278d784d26020a,simple,lapplyDots,1115.305000,1
Ř,2872a799f6bcd14fe7a3270e86278d784d26020a,simple,lapplyDots,893.894000,1
Ř,2872a799f6bcd14fe7a3270e86278d784d26020a,simple,lapplyDots,1043.455000,1
Ř,2872a799f6bcd14fe7a3270e86278d784d26020a,simple,lapplyDots,1358.915000,1
Ř,2872a799f6bcd14fe7a3270e86278d784d26020a,simple,lapplyDots,1086.886000,1
Ř,2872a799f6bcd14fe7a3270e86278d784d26020a,simple,scalarFor,4615.470000,0
Ř,2872a799f6bcd14fe7a3270e86278d784d26020a,simple,scalarFor,4594.274000,0
Ř,2872a799f6bcd14fe7a3270e86278d784d26020a,simple,scalarFor,4588.542000,0
Ř,2872a799f6bcd14fe7a3270e86278d784d26020a,simple,scalarFor,4602.736000,0
Ř,2872a799f6bcd14fe7a3270e86278d784d26020a,simple,scalarFor,4587.758000,0
Ř,2872a799f6bcd14fe7a3270e86278d784d26020a,simple,scalarFor,4597.758000,1
Ř,2872a799f6bcd14fe7a3270e86278d784d26020a,simple,scalarFor,4591.283000,1
Ř,2872a799f6bcd14fe7a3270e86278d784d26020a,simple,scalarFor,4607.365000,1
Ř,2872a799f6bcd14fe7a3270e86278d784d26020a,simple,scalarFor,4589.177000,1
Ř,2872a799f6bcd14fe7a3270e86278d784d26020a,simple,scalarFor,4588.457000,1
Ř,2872a799f6bcd14fe7a3270e86278d784d26020a,simple,scalarFor,4584.712000,1
Ř,2872a799f6bcd14fe7a3270e86278d784d26020a,simple,scalarFor,4606.594000,1
Ř,2872a799f6bcd14fe7a3270e86278d784d26020a,simple,scalarFor,4582.603000,1
Ř,2872a799f6bcd14fe7a3270e86278d784d26020a,simple,scalarFor,4607.817000,1
Ř,2872a799f6bcd14fe7a3270e86278d784d26020a,simple,scalarFor,4588.784000,1
Ř,2872a799f6bcd14fe7a3270e86278d784d26020a,simple,bytecodes,3892.703000,0
Ř,2872a799f6bcd14fe7a3270e86278d784d26020a,simple,bytecodes,3863.724000,0
Ř,2872a799f6bcd14fe7a3270e86278d784d26020a,simple,bytecodes,3851.618000,0
Ř,2872a799f6bcd14fe7a3270e86278d784d26020a,simple,bytecodes,3879.145000,0
Ř,2872a799f6bcd14fe7a3270e86278d784d26020a,simple,bytecodes,3994.670000,0
Ř,2872a799f6bcd14fe7a3270e86278d784d26020a,simple,bytecodes,3872.625000,1
Ř,2872a799f6bcd14fe7a3270e86278d784d26020a,simple,bytecodes,3848.030000,1
Ř,2872a799f6bcd14fe7a3270e86278d784d26020a,simple,bytecodes,3920.526000,1
Ř,2872a799f6bcd14fe7a3270e86278d784d26020a,simple,bytecodes,3882.292000,1
Ř,2872a799f6bcd14fe7a3270e86278d784d26020a,simple,bytecodes,3854.766000,1
Ř,2872a799f6bcd14fe7a3270e86278d784d26020a,simple,bytecodes,3934.630000,1
Ř,2872a799f6bcd14fe7a3270e86278d784d26020a,simple,bytecodes,3851.388000,1
Ř,2872a799f6bcd14fe7a3270e86278d784d26020a,simple,bytecodes,3921.287000,1
Ř,2872a799f6bcd14fe7a3270e86278d784d26020a,simple,bytecodes,3896.846000,1
Ř,2872a799f6bcd14fe7a3270e86278d784d26020a,simple,bytecodes,3831.660000,1
Ř,2872a799f6bcd14fe7a3270e86278d784d26020a,simple,listFor,201.618000,0
Ř,2872a799f6bcd14fe7a3270e86278d784d26020a,simple,listFor,207.245000,0
Ř,2872a799f6bcd14fe7a3270e86278d784d26020a,simple,listFor,189.705000,0
Ř,2872a799f6bcd14fe7a3270e86278d784d26020a,simple,listFor,198.466000,0
Ř,2872a799f6bcd14fe7a3270e86278d784d26020a,simple,listFor,190.791000,0
Ř,2872a799f6bcd14fe7a3270e86278d784d26020a,simple,listFor,162.641000,1
Ř,2872a799f6bcd14fe7a3270e86278d784d26020a,simple,listFor,200.116000,1
Ř,2872a799f6bcd14fe7a3270e86278d784d26020a,simple,listFor,188.382000,1
Ř,2872a799f6bcd14fe7a3270e86278d784d26020a,simple,listFor,194.683000,1
Ř,2872a799f6bcd14fe7a3270e86278d784d26020a,simple,listFor,188.327000,1
Ř,2872a799f6bcd14fe7a3270e86278d784d26020a,simple,listFor,194.539000,1
Ř,2872a799f6bcd14fe7a3270e86278d784d26020a,simple,listFor,166.867000,1
Ř,2872a799f6bcd14fe7a3270e86278d784d26020a,simple,listFor,191.175000,1
Ř,2872a799f6bcd14fe7a3270e86278d784d26020a,simple,listFor,194.237000,1
Ř,2872a799f6bcd14fe7a3270e86278d784d26020a,simple,listFor,186.819000,1
Ř,2872a799f6bcd14fe7a3270e86278d784d26020a,simple,listWhile,158.911000,0
Ř,2872a799f6bcd14fe7a3270e86278d784d26020a,simple,listWhile,152.332000,0
Ř,2872a799f6bcd14fe7a3270e86278d784d26020a,simple,listWhile,151.875000,0
Ř,2872a799f6bcd14fe7a3270e86278d784d26020a,simple,listWhile,165.096000,0
Ř,2872a799f6bcd14fe7a3270e86278d784d26020a,simple,listWhile,152.088000,0
Ř,2872a799f6bcd14fe7a3270e86278d784d26020a,simple,listWhile,152.080000,1
Ř,2872a799f6bcd14fe7a3270e86278d784d26020a,simple,listWhile,153.839000,1
Ř,2872a799f6bcd14fe7a3270e86278d784d26020a,simple,listWhile,149.762000,1
Ř,2872a799f6bcd14fe7a3270e86278d784d26020a,simple,listWhile,147.464000,1
Ř,2872a799f6bcd14fe7a3270e86278d784d26020a,simple,listWhile,148.292000,1
Ř,2872a799f6bcd14fe7a3270e86278d784d26020a,simple,listWhile,149.285000,1
Ř,2872a799f6bcd14fe7a3270e86278d784d26020a,simple,listWhile,159.562000,1
Ř,2872a799f6bcd14fe7a3270e86278d784d26020a,simple,listWhile,146.277000,1
Ř,2872a799f6bcd14fe7a3270e86278d784d26020a,simple,listWhile,146.440000,1
Ř,2872a799f6bcd14fe7a3270e86278d784d26020a,simple,listWhile,149.448000,1
Ř,2872a799f6bcd14fe7a3270e86278d784d26020a,simple,emptyFor,3343.647000,0
Ř,2872a799f6bcd14fe7a3270e86278d784d26020a,simple,emptyFor,3314.569000,0
Ř,2872a799f6bcd14fe7a3270e86278d784d26020a,simple,emptyFor,3309.828000,0
Ř,2872a799f6bcd14fe7a3270e86278d784d26020a,simple,emptyFor,3305.089000,0
Ř,2872a799f6bcd14fe7a3270e86278d784d26020a,simple,emptyFor,3307.799000,0
Ř,2872a799f6bcd14fe7a3270e86278d784d26020a,simple,emptyFor,3303.494000,1
Ř,2872a799f6bcd14fe7a3270e86278d784d26020a,simple,emptyFor,3312.650000,1
Ř,2872a799f6bcd14fe7a3270e86278d784d26020a,simple,emptyFor,3296.743000,1
Ř,2872a799f6bcd14fe7a3270e86278d784d26020a,simple,emptyFor,3307.752000,1
Ř,2872a799f6bcd14fe7a3270e86278d784d26020a,simple,emptyFor,3312.728000,1
Ř,2872a799f6bcd14fe7a3270e86278d784d26020a,simple,emptyFor,3301.970000,1
Ř,2872a799f6bcd14fe7a3270e86278d784d26020a,simple,emptyFor,3311.616000,1
Ř,2872a799f6bcd14fe7a3270e86278d784d26020a,simple,emptyFor,3303.515000,1
Ř,2872a799f6bcd14fe7a3270e86278d784d26020a,simple,emptyFor,3317.086000,1
Ř,2872a799f6bcd14fe7a3270e86278d784d26020a,simple,emptyFor,3309.014000,1
Ř,2872a799f6bcd14fe7a3270e86278d784d26020a,simple,superWhile,2985.365000,0
Ř,2872a799f6bcd14fe7a3270e86278d784d26020a,simple,superWhile,2961.593000,0
Ř,2872a799f6bcd14fe7a3270e86278d784d26020a,simple,superWhile,2979.249000,0
Ř,2872a799f6bcd14fe7a3270e86278d784d26020a,simple,superWhile,2912.089000,0
Ř,2872a799f6bcd14fe7a3270e86278d784d26020a,simple,superWhile,2977.234000,0
Ř,2872a799f6bcd14fe7a3270e86278d784d26020a,simple,superWhile,2906.889000,1
Ř,2872a799f6bcd14fe7a3270e86278d784d26020a,simple,superWhile,2974.955000,1
Ř,2872a799f6bcd14fe7a3270e86278d784d26020a,simple,superWhile,2909.153000,1
Ř,2872a799f6bcd14fe7a3270e86278d784d26020a,simple,superWhile,2965.965000,1
Ř,2872a799f6bcd14fe7a3270e86278d784d26020a,simple,superWhile,2978.984000,1
Ř,2872a799f6bcd14fe7a3270e86278d784d26020a,simple,superWhile,2912.004000,1
Ř,2872a799f6bcd14fe7a3270e86278d784d26020a,simple,superWhile,2977.175000,1
Ř,2872a799f6bcd14fe7a3270e86278d784d26020a,simple,superWhile,2909.076000,1
Ř,2872a799f6bcd14fe7a3270e86278d784d26020a,simple,superWhile,2977.317000,1
Ř,2872a799f6bcd14fe7a3270e86278d784d26020a,simple,superWhile,2909.364000,1
Ř,2872a799f6bcd14fe7a3270e86278d784d26020a,simple,profiler-rsa,3841.167000,0
Ř,2872a799f6bcd14fe7a3270e86278d784d26020a,simple,profiler-rsa,3805.551000,0
Ř,2872a799f6bcd14fe7a3270e86278d784d26020a,simple,profiler-rsa,3796.581000,0
Ř,2872a799f6bcd14fe7a3270e86278d784d26020a,simple,profiler-rsa,3809.184000,0
Ř,2872a799f6bcd14fe7a3270e86278d784d26020a,simple,profiler-rsa,3797.741000,0
Ř,2872a799f6bcd14fe7a3270e86278d784d26020a,simple,profiler-rsa,3807.590000,1
Ř,2872a799f6bcd14fe7a3270e86278d784d26020a,simple,profiler-rsa,3803.401000,1
Ř,2872a799f6bcd14fe7a3270e86278d784d26020a,simple,profiler-rsa,3803.541000,1
Ř,2872a799f6bcd14fe7a3270e86278d784d26020a,simple,profiler-rsa,3817.263000,1
Ř,2872a799f6bcd14fe7a3270e86278d784d26020a,simple,profiler-rsa,3808.277000,1
Ř,2872a799f6bcd14fe7a3270e86278d784d26020a,simple,profiler-rsa,3811.953000,1
Ř,2872a799f6bcd14fe7a3270e86278d784d26020a,simple,profiler-rsa,3798.372000,1
Ř,2872a799f6bcd14fe7a3270e86278d784d26020a,simple,profiler-rsa,3804.547000,1
Ř,2872a799f6bcd14fe7a3270e86278d784d26020a,simple,profiler-rsa,3798.054000,1
Ř,2872a799f6bcd14fe7a3270e86278d784d26020a,simple,profiler-rsa,3802.270000,1
Ř,2872a799f6bcd14fe7a3270e86278d784d26020a,simple,vectorFor,1054.035000,0
Ř,2872a799f6bcd14fe7a3270e86278d784d26020a,simple,vectorFor,1027.286000,0
Ř,2872a799f6bcd14fe7a3270e86278d784d26020a,simple,vectorFor,1042.357000,0
Ř,2872a799f6bcd14fe7a3270e86278d784d26020a,simple,vectorFor,1043.817000,0
Ř,2872a799f6bcd14fe7a3270e86278d784d26020a,simple,vectorFor,1031.538000,0
Ř,2872a799f6bcd14fe7a3270e86278d784d26020a,simple,vectorFor,1039.847000,1
Ř,2872a799f6bcd14fe7a3270e86278d784d26020a,simple,vectorFor,1042.567000,1
Ř,2872a799f6bcd14fe7a3270e86278d784d26020a,simple,vectorFor,1034.691000,1
Ř,2872a799f6bcd14fe7a3270e86278d784d26020a,simple,vectorFor,1038.249000,1
Ř,2872a799f6bcd14fe7a3270e86278d784d26020a,simple,vectorFor,1043.763000,1
Ř,2872a799f6bcd14fe7a3270e86278d784d26020a,simple,vectorFor,1032.471000,1
Ř,2872a799f6bcd14fe7a3270e86278d784d26020a,simple,vectorFor,1036.095000,1
Ř,2872a799f6bcd14fe7a3270e86278d784d26020a,simple,vectorFor,1044.956000,1
Ř,2872a799f6bcd14fe7a3270e86278d784d26020a,simple,vectorFor,1032.646000,1
Ř,2872a799f6bcd14fe7a3270e86278d784d26020a,simple,vectorFor,1034.105000,1
Ř,2872a799f6bcd14fe7a3270e86278d784d26020a,simple,profiler-shared,11875.595000,0
Ř,2872a799f6bcd14fe7a3270e86278d784d26020a,simple,profiler-shared,11898.962000,0
Ř,2872a799f6bcd14fe7a3270e86278d784d26020a,simple,profiler-shared,11892.795000,0
Ř,2872a799f6bcd14fe7a3270e86278d784d26020a,simple,profiler-shared,11904.952000,0
Ř,2872a799f6bcd14fe7a3270e86278d784d26020a,simple,profiler-shared,11842.969000,0
Ř,2872a799f6bcd14fe7a3270e86278d784d26020a,simple,profiler-shared,11894.014000,1
Ř,2872a799f6bcd14fe7a3270e86278d784d26020a,simple,profiler-shared,11905.638000,1
Ř,2872a799f6bcd14fe7a3270e86278d784d26020a,simple,profiler-shared,11856.573000,1
Ř,2872a799f6bcd14fe7a3270e86278d784d26020a,simple,profiler-shared,11881.656000,1
Ř,2872a799f6bcd14fe7a3270e86278d784d26020a,simple,profiler-shared,11918.114000,1
Ř,2872a799f6bcd14fe7a3270e86278d784d26020a,simple,profiler-shared,11865.762000,1
Ř,2872a799f6bcd14fe7a3270e86278d784d26020a,simple,profiler-shared,11897.942000,1
Ř,2872a799f6bcd14fe7a3270e86278d784d26020a,simple,profiler-shared,11870.067000,1
Ř,2872a799f6bcd14fe7a3270e86278d784d26020a,simple,profiler-shared,11882.161000,1
Ř,2872a799f6bcd14fe7a3270e86278d784d26020a,simple,profiler-shared,11907.785000,1
Ř,2872a799f6bcd14fe7a3270e86278d784d26020a,simple,emptyWhile,2287.480000,0
Ř,2872a799f6bcd14fe7a3270e86278d784d26020a,simple,emptyWhile,2302.154000,0
Ř,2872a799f6bcd14fe7a3270e86278d784d26020a,simple,emptyWhile,2235.115000,0
Ř,2872a799f6bcd14fe7a3270e86278d784d26020a,simple,emptyWhile,2281.435000,0
Ř,2872a799f6bcd14fe7a3270e86278d784d26020a,simple,emptyWhile,2243.724000,0
Ř,2872a799f6bcd14fe7a3270e86278d784d26020a,simple,emptyWhile,2272.394000,1
Ř,2872a799f6bcd14fe7a3270e86278d784d26020a,simple,emptyWhile,2280.921000,1
Ř,2872a799f6bcd14fe7a3270e86278d784d26020a,simple,emptyWhile,2242.528000,1
Ř,2872a799f6bcd14fe7a3270e86278d784d26020a,simple,emptyWhile,2272.906000,1
Ř,2872a799f6bcd14fe7a3270e86278d784d26020a,simple,emptyWhile,2279.985000,1
Ř,2872a799f6bcd14fe7a3270e86278d784d26020a,simple,emptyWhile,2243.260000,1
Ř,2872a799f6bcd14fe7a3270e86278d784d26020a,simple,emptyWhile,2273.878000,1
Ř,2872a799f6bcd14fe7a3270e86278d784d26020a,simple,emptyWhile,2282.327000,1
Ř,2872a799f6bcd14fe7a3270e86278d784d26020a,simple,emptyWhile,2242.867000,1
Ř,2872a799f6bcd14fe7a3270e86278d784d26020a,simple,emptyWhile,2271.517000,1
Ř,2872a799f6bcd14fe7a3270e86278d784d26020a,simple,matrixFor,401.184000,0
Ř,2872a799f6bcd14fe7a3270e86278d784d26020a,simple,matrixFor,403.090000,0
Ř,2872a799f6bcd14fe7a3270e86278d784d26020a,simple,matrixFor,384.656000,0
Ř,2872a799f6bcd14fe7a3270e86278d784d26020a,simple,matrixFor,388.740000,0
Ř,2872a799f6bcd14fe7a3270e86278d784d26020a,simple,matrixFor,396.780000,0
Ř,2872a799f6bcd14fe7a3270e86278d784d26020a,simple,matrixFor,389.411000,1
Ř,2872a799f6bcd14fe7a3270e86278d784d26020a,simple,matrixFor,385.105000,1
Ř,2872a799f6bcd14fe7a3270e86278d784d26020a,simple,matrixFor,388.907000,1
Ř,2872a799f6bcd14fe7a3270e86278d784d26020a,simple,matrixFor,389.645000,1
Ř,2872a799f6bcd14fe7a3270e86278d784d26020a,simple,matrixFor,389.673000,1
Ř,2872a799f6bcd14fe7a3270e86278d784d26020a,simple,matrixFor,386.778000,1
Ř,2872a799f6bcd14fe7a3270e86278d784d26020a,simple,matrixFor,398.806000,1
Ř,2872a799f6bcd14fe7a3270e86278d784d26020a,simple,matrixFor,378.583000,1
Ř,2872a799f6bcd14fe7a3270e86278d784d26020a,simple,matrixFor,394.496000,1
Ř,2872a799f6bcd14fe7a3270e86278d784d26020a,simple,matrixFor,375.284000,1
Ř,2872a799f6bcd14fe7a3270e86278d784d26020a,simple,lapply,653.738000,0
Ř,2872a799f6bcd14fe7a3270e86278d784d26020a,simple,lapply,801.087000,0
Ř,2872a799f6bcd14fe7a3270e86278d784d26020a,simple,lapply,851.101000,0
Ř,2872a799f6bcd14fe7a3270e86278d784d26020a,simple,lapply,727.531000,0
Ř,2872a799f6bcd14fe7a3270e86278d784d26020a,simple,lapply,930.412000,0
Ř,2872a799f6bcd14fe7a3270e86278d784d26020a,simple,lapply,869.453000,1
Ř,2872a799f6bcd14fe7a3270e86278d784d26020a,simple,lapply,907.677000,1
Ř,2872a799f6bcd14fe7a3270e86278d784d26020a,simple,lapply,914.680000,1
Ř,2872a799f6bcd14fe7a3270e86278d784d26020a,simple,lapply,796.802000,1
Ř,2872a799f6bcd14fe7a3270e86278d784d26020a,simple,lapply,913.241000,1
Ř,2872a799f6bcd14fe7a3270e86278d784d26020a,simple,lapply,918.076000,1
Ř,2872a799f6bcd14fe7a3270e86278d784d26020a,simple,lapply,912.944000,1
Ř,2872a799f6bcd14fe7a3270e86278d784d26020a,simple,lapply,914.567000,1
Ř,2872a799f6bcd14fe7a3270e86278d784d26020a,simple,lapply,702.346000,1
Ř,2872a799f6bcd14fe7a3270e86278d784d26020a,simple,lapply,787.061000,1
Ř,2872a799f6bcd14fe7a3270e86278d784d26020a,simple,profiler-microbenchmark,1733.185000,0
Ř,2872a799f6bcd14fe7a3270e86278d784d26020a,simple,profiler-microbenchmark,1717.851000,0
Ř,2872a799f6bcd14fe7a3270e86278d784d26020a,simple,profiler-microbenchmark,1732.087000,0
Ř,2872a799f6bcd14fe7a3270e86278d784d26020a,simple,profiler-microbenchmark,1724.532000,0
Ř,2872a799f6bcd14fe7a3270e86278d784d26020a,simple,profiler-microbenchmark,1717.956000,0
Ř,2872a799f6bcd14fe7a3270e86278d784d26020a,simple,profiler-microbenchmark,1719.090000,1
Ř,2872a799f6bcd14fe7a3270e86278d784d26020a,simple,profiler-microbenchmark,1726.270000,1
Ř,2872a799f6bcd14fe7a3270e86278d784d26020a,simple,profiler-microbenchmark,1723.773000,1
Ř,2872a799f6bcd14fe7a3270e86278d784d26020a,simple,profiler-microbenchmark,1714.197000,1
Ř,2872a799f6bcd14fe7a3270e86278d784d26020a,simple,profiler-microbenchmark,1724.418000,1
Ř,2872a799f6bcd14fe7a3270e86278d784d26020a,simple,profiler-microbenchmark,1722.016000,1
Ř,2872a799f6bcd14fe7a3270e86278d784d26020a,simple,profiler-microbenchmark,1723.246000,1
Ř,2872a799f6bcd14fe7a3270e86278d784d26020a,simple,profiler-microbenchmark,1727.099000,1
Ř,2872a799f6bcd14fe7a3270e86278d784d26020a,simple,profiler-microbenchmark,1719.944000,1
Ř,2872a799f6bcd14fe7a3270e86278d784d26020a,simple,profiler-microbenchmark,1710.934000,1
Ř,2872a799f6bcd14fe7a3270e86278d784d26020a,real_thing_annotations,flexclust_strict,16688.293000,0
Ř,2872a799f6bcd14fe7a3270e86278d784d26020a,real_thing_annotations,flexclust_strict,16461.879000,0
Ř,2872a799f6bcd14fe7a3270e86278d784d26020a,real_thing_annotations,flexclust_strict,16362.299000,0
Ř,2872a799f6bcd14fe7a3270e86278d784d26020a,real_thing_annotations,flexclust_strict,16425.104000,0
Ř,2872a799f6bcd14fe7a3270e86278d784d26020a,real_thing_annotations,flexclust_strict,16457.790000,0
Ř,2872a799f6bcd14fe7a3270e86278d784d26020a,real_thing_annotations,flexclust_strict,16082.807000,1
Ř,2872a799f6bcd14fe7a3270e86278d784d26020a,real_thing_annotations,flexclust_strict,16217.306000,1
Ř,2872a799f6bcd14fe7a3270e86278d784d26020a,real_thing_annotations,flexclust_strict,16225.252000,1
Ř,2872a799f6bcd14fe7a3270e86278d784d26020a,real_thing_annotations,flexclust_strict,16231.218000,1
Ř,2872a799f6bcd14fe7a3270e86278d784d26020a,real_thing_annotations,flexclust_strict,16488.668000,1
Ř,2872a799f6bcd14fe7a3270e86278d784d26020a,real_thing_annotations,flexclust_strict,16269.645000,1
Ř,2872a799f6bcd14fe7a3270e86278d784d26020a,real_thing_annotations,flexclust_strict,16019.850000,1
Ř,2872a799f6bcd14fe7a3270e86278d784d26020a,real_thing_annotations,flexclust_strict,16077.734000,1
Ř,2872a799f6bcd14fe7a3270e86278d784d26020a,real_thing_annotations,flexclust_strict,16024.655000,1
Ř,2872a799f6bcd14fe7a3270e86278d784d26020a,real_thing_annotations,flexclust_strict,16181.422000,1
Ř,2872a799f6bcd14fe7a3270e86278d784d26020a,real_thing,flexclust,16748.111000,0
Ř,2872a799f6bcd14fe7a3270e86278d784d26020a,real_thing,flexclust,16906.614000,0
Ř,2872a799f6bcd14fe7a3270e86278d784d26020a,real_thing,flexclust,16401.393000,0
Ř,2872a799f6bcd14fe7a3270e86278d784d26020a,real_thing,flexclust,16873.163000,0
Ř,2872a799f6bcd14fe7a3270e86278d784d26020a,real_thing,flexclust,16441.074000,0
Ř,2872a799f6bcd14fe7a3270e86278d784d26020a,real_thing,flexclust,16883.005000,1
Ř,2872a799f6bcd14fe7a3270e86278d784d26020a,real_thing,flexclust,16617.037000,1
Ř,2872a799f6bcd14fe7a3270e86278d784d26020a,real_thing,flexclust,16666.615000,1
Ř,2872a799f6bcd14fe7a3270e86278d784d26020a,real_thing,flexclust,16485.848000,1
Ř,2872a799f6bcd14fe7a3270e86278d784d26020a,real_thing,flexclust,15980.183000,1
Ř,2872a799f6bcd14fe7a3270e86278d784d26020a,real_thing,flexclust,15985.552000,1
Ř,2872a799f6bcd14fe7a3270e86278d784d26020a,real_thing,flexclust,16250.005000,1
Ř,2872a799f6bcd14fe7a3270e86278d784d26020a,real_thing,flexclust,16044.946000,1
Ř,2872a799f6bcd14fe7a3270e86278d784d26020a,real_thing,flexclust,16126.351000,1
Ř,2872a799f6bcd14fe7a3270e86278d784d26020a,real_thing,flexclust,15867.026000,1
Ř,2872a799f6bcd14fe7a3270e86278d784d26020a,real_thing,flexclust_no_s4,14730.068000,0
Ř,2872a799f6bcd14fe7a3270e86278d784d26020a,real_thing,flexclust_no_s4,14970.377000,0
Ř,2872a799f6bcd14fe7a3270e86278d784d26020a,real_thing,flexclust_no_s4,15169.939000,0
Ř,2872a799f6bcd14fe7a3270e86278d784d26020a,real_thing,flexclust_no_s4,15061.773000,0
Ř,2872a799f6bcd14fe7a3270e86278d784d26020a,real_thing,flexclust_no_s4,15216.974000,0
Ř,2872a799f6bcd14fe7a3270e86278d784d26020a,real_thing,flexclust_no_s4,15223.493000,1
Ř,2872a799f6bcd14fe7a3270e86278d784d26020a,real_thing,flexclust_no_s4,15086.189000,1
Ř,2872a799f6bcd14fe7a3270e86278d784d26020a,real_thing,flexclust_no_s4,15266.396000,1
Ř,2872a799f6bcd14fe7a3270e86278d784d26020a,real_thing,flexclust_no_s4,15394.178000,1
Ř,2872a799f6bcd14fe7a3270e86278d784d26020a,real_thing,flexclust_no_s4,15342.904000,1
Ř,2872a799f6bcd14fe7a3270e86278d784d26020a,real_thing,flexclust_no_s4,15075.859000,1
Ř,2872a799f6bcd14fe7a3270e86278d784d26020a,real_thing,flexclust_no_s4,15213.113000,1
Ř,2872a799f6bcd14fe7a3270e86278d784d26020a,real_thing,flexclust_no_s4,15235.390000,1
Ř,2872a799f6bcd14fe7a3270e86278d784d26020a,real_thing,flexclust_no_s4,15333.286000,1
Ř,2872a799f6bcd14fe7a3270e86278d784d26020a,real_thing,flexclust_no_s4,15230.283000,1
Ř,2872a799f6bcd14fe7a3270e86278d784d26020a,real_thing,convolution,2524.501000,0
Ř,2872a799f6bcd14fe7a3270e86278d784d26020a,real_thing,convolution,2502.206000,0
Ř,2872a799f6bcd14fe7a3270e86278d784d26020a,real_thing,convolution,2503.849000,0
Ř,2872a799f6bcd14fe7a3270e86278d784d26020a,real_thing,convolution,2506.891000,0
Ř,2872a799f6bcd14fe7a3270e86278d784d26020a,real_thing,convolution,2505.416000,0
Ř,2872a799f6bcd14fe7a3270e86278d784d26020a,real_thing,convolution,2503.674000,1
Ř,2872a799f6bcd14fe7a3270e86278d784d26020a,real_thing,convolution,2504.356000,1
Ř,2872a799f6bcd14fe7a3270e86278d784d26020a,real_thing,convolution,2505.092000,1
Ř,2872a799f6bcd14fe7a3270e86278d784d26020a,real_thing,convolution,2504.457000,1
Ř,2872a799f6bcd14fe7a3270e86278d784d26020a,real_thing,convolution,2503.321000,1
Ř,2872a799f6bcd14fe7a3270e86278d784d26020a,real_thing,convolution,2501.347000,1
Ř,2872a799f6bcd14fe7a3270e86278d784d26020a,real_thing,convolution,2500.960000,1
Ř,2872a799f6bcd14fe7a3270e86278d784d26020a,real_thing,convolution,2502.474000,1
Ř,2872a799f6bcd14fe7a3270e86278d784d26020a,real_thing,convolution,2500.845000,1
Ř,2872a799f6bcd14fe7a3270e86278d784d26020a,real_thing,convolution,2497.015000,1
Ř,2872a799f6bcd14fe7a3270e86278d784d26020a,real_thing,convolution_slow,105.644000,0
Ř,2872a799f6bcd14fe7a3270e86278d784d26020a,real_thing,convolution_slow,90.513000,0
Ř,2872a799f6bcd14fe7a3270e86278d784d26020a,real_thing,convolution_slow,90.482000,0
Ř,2872a799f6bcd14fe7a3270e86278d784d26020a,real_thing,convolution_slow,90.852000,0
Ř,2872a799f6bcd14fe7a3270e86278d784d26020a,real_thing,convolution_slow,100.578000,0
Ř,2872a799f6bcd14fe7a3270e86278d784d26020a,real_thing,convolution_slow,89.739000,1
Ř,2872a799f6bcd14fe7a3270e86278d784d26020a,real_thing,convolution_slow,89.718000,1
Ř,2872a799f6bcd14fe7a3270e86278d784d26020a,real_thing,convolution_slow,90.500000,1
Ř,2872a799f6bcd14fe7a3270e86278d784d26020a,real_thing,convolution_slow,91.179000,1
Ř,2872a799f6bcd14fe7a3270e86278d784d26020a,real_thing,convolution_slow,91.763000,1
Ř,2872a799f6bcd14fe7a3270e86278d784d26020a,real_thing,convolution_slow,90.804000,1
Ř,2872a799f6bcd14fe7a3270e86278d784d26020a,real_thing,convolution_slow,90.007000,1
Ř,2872a799f6bcd14fe7a3270e86278d784d26020a,real_thing,convolution_slow,93.903000,1
Ř,2872a799f6bcd14fe7a3270e86278d784d26020a,real_thing,convolution_slow,89.689000,1
Ř,2872a799f6bcd14fe7a3270e86278d784d26020a,real_thing,convolution_slow,91.294000,1
Ř,2872a799f6bcd14fe7a3270e86278d784d26020a,real_thing,convolution_v,105.919000,0
Ř,2872a799f6bcd14fe7a3270e86278d784d26020a,real_thing,convolution_v,90.621000,0
Ř,2872a799f6bcd14fe7a3270e86278d784d26020a,real_thing,convolution_v,90.662000,0
Ř,2872a799f6bcd14fe7a3270e86278d784d26020a,real_thing,convolution_v,91.309000,0
Ř,2872a799f6bcd14fe7a3270e86278d784d26020a,real_thing,convolution_v,102.008000,0
Ř,2872a799f6bcd14fe7a3270e86278d784d26020a,real_thing,convolution_v,89.662000,1
Ř,2872a799f6bcd14fe7a3270e86278d784d26020a,real_thing,convolution_v,89.678000,1
Ř,2872a799f6bcd14fe7a3270e86278d784d26020a,real_thing,convolution_v,90.487000,1
Ř,2872a799f6bcd14fe7a3270e86278d784d26020a,real_thing,convolution_v,91.226000,1
Ř,2872a799f6bcd14fe7a3270e86278d784d26020a,real_thing,convolution_v,92.030000,1
Ř,2872a799f6bcd14fe7a3270e86278d784d26020a,real_thing,convolution_v,90.598000,1
Ř,2872a799f6bcd14fe7a3270e86278d784d26020a,real_thing,convolution_v,90.101000,1
Ř,2872a799f6bcd14fe7a3270e86278d784d26020a,real_thing,convolution_v,91.780000,1
Ř,2872a799f6bcd14fe7a3270e86278d784d26020a,real_thing,convolution_v,90.108000,1
Ř,2872a799f6bcd14fe7a3270e86278d784d26020a,real_thing,convolution_v,90.467000,1
Ř,2872a799f6bcd14fe7a3270e86278d784d26020a,are-we-fast-r,Bounce_nonames,470.294000,0
Ř,2872a799f6bcd14fe7a3270e86278d784d26020a,are-we-fast-r,Bounce_nonames,463.022000,0
Ř,2872a799f6bcd14fe7a3270e86278d784d26020a,are-we-fast-r,Bounce_nonames,459.141000,0
Ř,2872a799f6bcd14fe7a3270e86278d784d26020a,are-we-fast-r,Bounce_nonames,461.753000,0
Ř,2872a799f6bcd14fe7a3270e86278d784d26020a,are-we-fast-r,Bounce_nonames,461.069000,0
Ř,2872a799f6bcd14fe7a3270e86278d784d26020a,are-we-fast-r,Bounce_nonames,463.678000,1
Ř,2872a799f6bcd14fe7a3270e86278d784d26020a,are-we-fast-r,Bounce_nonames,455.058000,1
Ř,2872a799f6bcd14fe7a3270e86278d784d26020a,are-we-fast-r,Bounce_nonames,451.633000,1
Ř,2872a799f6bcd14fe7a3270e86278d784d26020a,are-we-fast-r,Bounce_nonames,454.536000,1
Ř,2872a799f6bcd14fe7a3270e86278d784d26020a,are-we-fast-r,Bounce_nonames,452.528000,1
Ř,2872a799f6bcd14fe7a3270e86278d784d26020a,are-we-fast-r,Bounce_nonames,463.639000,1
Ř,2872a799f6bcd14fe7a3270e86278d784d26020a,are-we-fast-r,Bounce_nonames,452.180000,1
Ř,2872a799f6bcd14fe7a3270e86278d784d26020a,are-we-fast-r,Bounce_nonames,454.728000,1
Ř,2872a799f6bcd14fe7a3270e86278d784d26020a,are-we-fast-r,Bounce_nonames,455.962000,1
Ř,2872a799f6bcd14fe7a3270e86278d784d26020a,are-we-fast-r,Bounce_nonames,451.534000,1
Ř,2872a799f6bcd14fe7a3270e86278d784d26020a,are-we-fast-r,Mandelbrot,3989.727000,0
Ř,2872a799f6bcd14fe7a3270e86278d784d26020a,are-we-fast-r,Mandelbrot,3947.121000,0
Ř,2872a799f6bcd14fe7a3270e86278d784d26020a,are-we-fast-r,Mandelbrot,3968.761000,0
Ř,2872a799f6bcd14fe7a3270e86278d784d26020a,are-we-fast-r,Mandelbrot,3943.008000,0
Ř,2872a799f6bcd14fe7a3270e86278d784d26020a,are-we-fast-r,Mandelbrot,3963.579000,0
Ř,2872a799f6bcd14fe7a3270e86278d784d26020a,are-we-fast-r,Mandelbrot,3966.942000,1
Ř,2872a799f6bcd14fe7a3270e86278d784d26020a,are-we-fast-r,Mandelbrot,3969.646000,1
Ř,2872a799f6bcd14fe7a3270e86278d784d26020a,are-we-fast-r,Mandelbrot,3965.275000,1
Ř,2872a799f6bcd14fe7a3270e86278d784d26020a,are-we-fast-r,Mandelbrot,3974.543000,1
Ř,2872a799f6bcd14fe7a3270e86278d784d26020a,are-we-fast-r,Mandelbrot,3984.035000,1
Ř,2872a799f6bcd14fe7a3270e86278d784d26020a,are-we-fast-r,Mandelbrot,3979.732000,1
Ř,2872a799f6bcd14fe7a3270e86278d784d26020a,are-we-fast-r,Mandelbrot,3978.015000,1
Ř,2872a799f6bcd14fe7a3270e86278d784d26020a,are-we-fast-r,Mandelbrot,3966.729000,1
Ř,2872a799f6bcd14fe7a3270e86278d784d26020a,are-we-fast-r,Mandelbrot,3962.262000,1
Ř,2872a799f6bcd14fe7a3270e86278d784d26020a,are-we-fast-r,Mandelbrot,3983.849000,1
Ř,2872a799f6bcd14fe7a3270e86278d784d26020a,are-we-fast-r,Bounce,1194.005000,0
Ř,2872a799f6bcd14fe7a3270e86278d784d26020a,are-we-fast-r,Bounce,1195.834000,0
Ř,2872a799f6bcd14fe7a3270e86278d784d26020a,are-we-fast-r,Bounce,1189.573000,0
Ř,2872a799f6bcd14fe7a3270e86278d784d26020a,are-we-fast-r,Bounce,1170.722000,0
Ř,2872a799f6bcd14fe7a3270e86278d784d26020a,are-we-fast-r,Bounce,1192.247000,0
Ř,2872a799f6bcd14fe7a3270e86278d784d26020a,are-we-fast-r,Bounce,1170.105000,1
Ř,2872a799f6bcd14fe7a3270e86278d784d26020a,are-we-fast-r,Bounce,1176.409000,1
Ř,2872a799f6bcd14fe7a3270e86278d784d26020a,are-we-fast-r,Bounce,1190.753000,1
Ř,2872a799f6bcd14fe7a3270e86278d784d26020a,are-we-fast-r,Bounce,1163.747000,1
Ř,2872a799f6bcd14fe7a3270e86278d784d26020a,are-we-fast-r,Bounce,1186.621000,1
Ř,2872a799f6bcd14fe7a3270e86278d784d26020a,are-we-fast-r,Bounce,1173.228000,1
Ř,2872a799f6bcd14fe7a3270e86278d784d26020a,are-we-fast-r,Bounce,1176.506000,1
Ř,2872a799f6bcd14fe7a3270e86278d784d26020a,are-we-fast-r,Bounce,1181.637000,1
Ř,2872a799f6bcd14fe7a3270e86278d784d26020a,are-we-fast-r,Bounce,1163.684000,1
Ř,2872a799f6bcd14fe7a3270e86278d784d26020a,are-we-fast-r,Bounce,1175.510000,1
Ř,2872a799f6bcd14fe7a3270e86278d784d26020a,are-we-fast-r,Bounce_nonames_simple,473.049000,0
Ř,2872a799f6bcd14fe7a3270e86278d784d26020a,are-we-fast-r,Bounce_nonames_simple,462.854000,0
Ř,2872a799f6bcd14fe7a3270e86278d784d26020a,are-we-fast-r,Bounce_nonames_simple,458.552000,0
Ř,2872a799f6bcd14fe7a3270e86278d784d26020a,are-we-fast-r,Bounce_nonames_simple,462.832000,0
Ř,2872a799f6bcd14fe7a3270e86278d784d26020a,are-we-fast-r,Bounce_nonames_simple,470.788000,0
Ř,2872a799f6bcd14fe7a3270e86278d784d26020a,are-we-fast-r,Bounce_nonames_simple,463.151000,1
Ř,2872a799f6bcd14fe7a3270e86278d784d26020a,are-we-fast-r,Bounce_nonames_simple,454.848000,1
Ř,2872a799f6bcd14fe7a3270e86278d784d26020a,are-we-fast-r,Bounce_nonames_simple,452.657000,1
Ř,2872a799f6bcd14fe7a3270e86278d784d26020a,are-we-fast-r,Bounce_nonames_simple,454.622000,1
Ř,2872a799f6bcd14fe7a3270e86278d784d26020a,are-we-fast-r,Bounce_nonames_simple,452.570000,1
Ř,2872a799f6bcd14fe7a3270e86278d784d26020a,are-we-fast-r,Bounce_nonames_simple,464.453000,1
Ř,2872a799f6bcd14fe7a3270e86278d784d26020a,are-we-fast-r,Bounce_nonames_simple,452.211000,1
Ř,2872a799f6bcd14fe7a3270e86278d784d26020a,are-we-fast-r,Bounce_nonames_simple,453.598000,1
Ř,2872a799f6bcd14fe7a3270e86278d784d26020a,are-we-fast-r,Bounce_nonames_simple,455.644000,1
Ř,2872a799f6bcd14fe7a3270e86278d784d26020a,are-we-fast-r,Bounce_nonames_simple,451.358000,1
Ř,2872a799f6bcd14fe7a3270e86278d784d26020a,are-we-fast-r,Storage,970.834000,0
Ř,2872a799f6bcd14fe7a3270e86278d784d26020a,are-we-fast-r,Storage,969.435000,0
Ř,2872a799f6bcd14fe7a3270e86278d784d26020a,are-we-fast-r,Storage,973.496000,0
Ř,2872a799f6bcd14fe7a3270e86278d784d26020a,are-we-fast-r,Storage,985.784000,0
Ř,2872a799f6bcd14fe7a3270e86278d784d26020a,are-we-fast-r,Storage,956.596000,0
Ř,2872a799f6bcd14fe7a3270e86278d784d26020a,are-we-fast-r,Storage,959.417000,1
Ř,2872a799f6bcd14fe7a3270e86278d784d26020a,are-we-fast-r,Storage,951.115000,1
Ř,2872a799f6bcd14fe7a3270e86278d784d26020a,are-we-fast-r,Storage,978.072000,1
Ř,2872a799f6bcd14fe7a3270e86278d784d26020a,are-we-fast-r,Storage,974.008000,1
Ř,2872a799f6bcd14fe7a3270e86278d784d26020a,are-we-fast-r,Storage,985.030000,1
Ř,2872a799f6bcd14fe7a3270e86278d784d26020a,are-we-fast-r,Storage,1041.214000,1
Ř,2872a799f6bcd14fe7a3270e86278d784d26020a,are-we-fast-r,Storage,1013.676000,1
Ř,2872a799f6bcd14fe7a3270e86278d784d26020a,are-we-fast-r,Storage,975.190000,1
Ř,2872a799f6bcd14fe7a3270e86278d784d26020a,are-we-fast-r,Storage,979.584000,1
Ř,2872a799f6bcd14fe7a3270e86278d784d26020a,are-we-fast-r,Storage,991.181000,1
